-- AZURA seed data: demo-brt
-- Import AFTER 01-schema.sql (Supabase SQL Editor)

SET session_replication_role = 'replica';

-- CmsPage (17 rows)
INSERT INTO "CmsPage" ("id", "slug", "titleEn", "titleAr", "excerptEn", "excerptAr", "templateKey", "status", "blocks", "publishedAt", "scheduledAt", "createdAt", "updatedAt", "visualSettings") VALUES ('cmpv9628a001shf2w4z2l68c6', 'home', 'Home', 'الرئيسية', '', '', 'home', 'PUBLISHED', '[{"id":"hero-1","type":"hero","props":{"layout":"fullBleed","badgeAr":"أكثر من 10 سنوات خبرة","badgeEn":"10+ Years of Experience","ctaHref":"/contact","titleAr":"حلول لاسلكية وتقنية ذكية مبتكرة","titleEn":"Innovative Wireless & Smart Technology Solutions","imageUrl":"/demo/brt/hero.svg","minHeight":"70vh","ctaLabelAr":"احصل على عرض","ctaLabelEn":"Get a Quote","subtitleAr":"ربط الشركات والأفراد عبر تقنيات متقدمة","subtitleEn":"Connecting businesses and individuals through advanced technology","mediaAssetId":"mock-media-hero","backgroundType":"image","overlayOpacity":60,"secondaryCtaHref":"/services","secondaryCtaLabelAr":"خدماتنا","secondaryCtaLabelEn":"Our Services"},"version":"2.0"},{"id":"statsCounter-2","type":"statsCounter","props":{"items":[{"id":"stat-1","icon":"","value":10,"prefix":"","suffix":"+","labelAr":"سنوات الخبرة","labelEn":"Years of Experience","chartData":[],"chartType":"none","descriptionAr":"","descriptionEn":""},{"id":"stat-2","icon":"","value":500,"prefix":"","suffix":"+","labelAr":"مشروع منجز","labelEn":"Projects Delivered","chartData":[],"chartType":"none","descriptionAr":"","descriptionEn":""},{"id":"stat-3","icon":"","value":99,"prefix":"","suffix":"%","labelAr":"رضا العملاء","labelEn":"Client Satisfaction","chartData":[],"chartType":"none","descriptionAr":"","descriptionEn":""}],"layout":"grid","titleAr":"سجل حافل بالإنجازات","titleEn":"Proven Track Record","subtitleAr":"","subtitleEn":"","animateOnView":true},"version":"2.0"},{"id":"featureGrid-3","type":"featureGrid","props":{"items":[{"id":"feat-1","href":"/enterprise-wireless","icon":"fa-wifi","titleAr":"شبكات لاسلكية","titleEn":"Enterprise Wireless","imageUrl":"","metricAr":"","metricEn":"","categoryAr":"","categoryEn":"","linkLabelAr":"","linkLabelEn":"","mediaAssetId":"","descriptionAr":"بنية Wi-Fi قوية وتحسين الشبكة.","descriptionEn":"Robust Wi-Fi infrastructure and network optimization."},{"id":"feat-2","href":"/services","icon":"fa-signal","titleAr":"تغطية داخلية","titleEn":"Indoor Coverage","imageUrl":"","metricAr":"","metricEn":"","categoryAr":"","categoryEn":"","linkLabelAr":"","linkLabelEn":"","mediaAssetId":"","descriptionAr":"حلول تعزيز الإشارة على مستوى المبنى.","descriptionEn":"Building-wide signal enhancement solutions."},{"id":"feat-3","href":"/smart-home","icon":"fa-home","titleAr":"المنزل الذكي","titleEn":"Smart Home","imageUrl":"","metricAr":"","metricEn":"","categoryAr":"","categoryEn":"","linkLabelAr":"","linkLabelEn":"","mediaAssetId":"","descriptionAr":"أتمتة ذكية للمعيشة العصرية.","descriptionEn":"Intelligent automation for modern living."},{"id":"feat-4","href":"/security-solutions","icon":"fa-shield","titleAr":"أنظمة الأمن","titleEn":"Security Systems","imageUrl":"","metricAr":"","metricEn":"","categoryAr":"","categoryEn":"","linkLabelAr":"","linkLabelEn":"","mediaAssetId":"","descriptionAr":"CCTV والتحكم في الوصول والأقفال الذكية.","descriptionEn":"CCTV, access control, and smart locks."},{"id":"feat-5","href":"/services","icon":"fa-microchip","titleAr":"إنترنت الأشياء","titleEn":"IoT & Connected Tech","imageUrl":"","metricAr":"","metricEn":"","categoryAr":"","categoryEn":"","linkLabelAr":"","linkLabelEn":"","mediaAssetId":"","descriptionAr":"تكامل الأجهزة وأتمتة العمليات.","descriptionEn":"Device integration and process automation."},{"id":"feat-6","href":"/services","icon":"fa-phone","titleAr":"IP PBX","titleEn":"IP PBX & UC","imageUrl":"","metricAr":"","metricEn":"","categoryAr":"","categoryEn":"","linkLabelAr":"","linkLabelEn":"","mediaAssetId":"","descriptionAr":"اتصالات موحدة للمؤسسات.","descriptionEn":"Unified communications for enterprises."},{"id":"feat-7","href":"/services","icon":"fa-server","titleAr":"البنية التحتية","titleEn":"Infrastructure","imageUrl":"","metricAr":"","metricEn":"","categoryAr":"","categoryEn":"","linkLabelAr":"","linkLabelEn":"","mediaAssetId":"","descriptionAr":"حلول بنية شبكة قابلة للتوسع.","descriptionEn":"Scalable network infrastructure solutions."}],"columns":3,"titleAr":"الخبرات الأساسية","titleEn":"Core Expertise","subtitleAr":"حلول تقنية متكاملة للمؤسسات والمنازل","subtitleEn":"End-to-end technology solutions for enterprises and homes","cardVariant":"iconTop","showCategories":false},"version":"2.0"},{"id":"catalog-4","type":"catalog","props":{"city":"","limit":6,"source":"services","titleAr":"خدماتنا","titleEn":"Our Services","manualIds":[],"subtitleAr":"حلول تقنية شاملة مصممة لاحتياجاتك","subtitleEn":"Comprehensive technology solutions tailored to your needs","serviceType":"","viewAllHref":"/services","categorySlug":"","featuredOnly":false,"emptyMessageAr":"","emptyMessageEn":"","displaySettings":{"limit":6,"columns":3,"autoplay":false,"showCity":true,"showIcon":true,"showPrice":true,"showStars":true,"layoutMode":"grid","cardVariant":"default","showExcerpt":true,"showCategory":true,"showDuration":true,"showViewAllLink":true,"autoplayIntervalMs":5000}},"version":"2.0"},{"id":"testimonials-5","type":"testimonials","props":{"limit":6,"source":"collection","columns":3,"titleAr":"ماذا يقول عملاؤنا","titleEn":"What Our Clients Say","autoplay":false,"layoutMode":"grid","subtitleAr":"موثوق من المؤسسات وأصحاب المنازل في الإمارات","subtitleEn":"Trusted by enterprises and homeowners across the UAE","cardVariant":"default","sliderEnabled":false,"testimonialIds":[],"showViewAllLink":true,"autoplayIntervalMs":5000,"testimonialCollectionSlug":"brt-clients"},"version":"2.0"},{"id":"logoCloud-6","type":"logoCloud","props":{"items":[{"id":"logo-1","href":"","nameAr":"أمازون أليكسا","nameEn":"Amazon Alexa","imageUrl":"","categoryAr":"","categoryEn":"","mediaAssetId":""},{"id":"logo-2","href":"","nameAr":"مساعد جوجل","nameEn":"Google Assistant","imageUrl":"","categoryAr":"","categoryEn":"","mediaAssetId":""},{"id":"logo-3","href":"","nameAr":"آبل سيري","nameEn":"Apple Siri","imageUrl":"","categoryAr":"","categoryEn":"","mediaAssetId":""}],"columns":3,"titleAr":"منصات التكامل الصوتي","titleEn":"Voice Integration Platforms","autoplay":false,"logoSize":"md","grayscale":true,"subtitleAr":"","subtitleEn":"","displayMode":"grid","grayscaleHover":true,"groupByCategory":false,"autoplayIntervalMs":4000},"version":"2.0"},{"id":"cta-7","type":"cta","props":{"href":"/contact","size":"default","layout":"centered","titleAr":"مستعد لتحويل تقنياتك؟","titleEn":"Ready to Transform Your Technology?","buttonAr":"اتصل بنا","buttonEn":"Contact Us","subtitleAr":"تواصل معنا لاستشارة مجانية وحل مخصص.","subtitleEn":"Contact us for a free consultation and customized solution.","secondaryHref":"","backgroundType":"gradient","secondaryButtonAr":"","secondaryButtonEn":""},"version":"2.0"}]'::jsonb, '2026-06-05 11:01:42.387'::timestamp(3), NULL, '2026-06-01 13:36:59.338'::timestamp(3), '2026-06-05 11:01:42.404'::timestamp(3), '{"siteEffects":{"background":"inherit"},"animationsEnabled":true}'::jsonb);
INSERT INTO "CmsPage" ("id", "slug", "titleEn", "titleAr", "excerptEn", "excerptAr", "templateKey", "status", "blocks", "publishedAt", "scheduledAt", "createdAt", "updatedAt", "visualSettings") VALUES ('cmpv9628c001thf2w3e8te0ly', 'about', 'About Us', 'من نحن', '', '', 'about', 'PUBLISHED', '[{"id":"hero-8","type":"hero","props":{"layout":"centered","badgeAr":"","badgeEn":"","ctaHref":"/contact","titleAr":"عن BRT TRADING LLC","titleEn":"About BRT TRADING LLC","imageUrl":"","minHeight":"70vh","ctaLabelAr":"اتصل بنا","ctaLabelEn":"Contact Us","subtitleAr":"تصميم وتنفيذ ودعم بنى الاتصالات اللاسلكية المتقدمة","subtitleEn":"Designing, implementing, and supporting advanced wireless and communication infrastructures","mediaAssetId":"","backgroundType":"gradient","overlayOpacity":60,"secondaryCtaHref":"","secondaryCtaLabelAr":"","secondaryCtaLabelEn":""},"version":"2.0"},{"id":"advancedRichText-9","type":"advancedRichText","props":{"prose":true,"htmlAr":"<p>تتخصص BRT TRADING LLC في تصميم وتنفيذ ودعم بنى الاتصالات اللاسلكية المتقدمة للمؤسسات والمرافق التجارية والضيافة والتطويرات السكنية والقطاع الحكومي.</p><p>مهمتنا تقديم حلول تقنية موثوقة وقابلة للتوسع تعزز الاتصال وتحسن الأمن وتخلق بيئات أكثر ذكاءً.</p>","htmlEn":"<p>BRT TRADING LLC specializes in designing, implementing, and supporting advanced wireless and communication infrastructures for enterprises, commercial facilities, hospitality environments, residential developments, and government sectors.</p><p>Our mission is to deliver reliable, scalable, and future-ready technology solutions that enhance connectivity, improve security, and create smarter living and working environments.</p>","maxWidth":"reading","contentAr":"","contentEn":""},"version":"2.0"},{"id":"benefitsGrid-10","type":"benefitsGrid","props":{"items":[{"id":"benefit-1","href":"","icon":"fa-gem","titleAr":"الجودة","titleEn":"Quality","imageUrl":"","metricAr":"","metricEn":"","categoryAr":"","categoryEn":"","linkLabelAr":"","linkLabelEn":"","mediaAssetId":"","descriptionAr":"حلول موثوقة وعالية الأداء مبنية على تقنيات رائدة.","descriptionEn":"Reliable, high-performance solutions built on industry-leading technologies."},{"id":"benefit-2","href":"","icon":"fa-lightbulb","titleAr":"الابتكار","titleEn":"Innovation","imageUrl":"","metricAr":"","metricEn":"","categoryAr":"","categoryEn":"","linkLabelAr":"","linkLabelEn":"","mediaAssetId":"","descriptionAr":"اعتماد مستمر للتقنيات الناشئة لإبقاء العملاء في المقدمة.","descriptionEn":"Continuously adopting emerging technologies to keep clients ahead."},{"id":"benefit-3","href":"","icon":"fa-heart","titleAr":"رضا العملاء","titleEn":"Customer Satisfaction","imageUrl":"","metricAr":"","metricEn":"","categoryAr":"","categoryEn":"","linkLabelAr":"","linkLabelEn":"","mediaAssetId":"","descriptionAr":"شراكات طويلة الأمد عبر خدمة استثنائية ونتائج ملموسة.","descriptionEn":"Long-term partnerships through exceptional service and measurable results."}],"layout":"cards","titleAr":"التزامنا","titleEn":"Our Commitment","emphasis":"outcome","subtitleAr":"","subtitleEn":""},"version":"2.0"},{"id":"timeline-11","type":"timeline","props":{"items":[{"id":"step-1","date":"1","icon":"fa-circle","titleAr":"الاستشارة والتقييم","titleEn":"Consultation & Assessment","imageUrl":"","categoryAr":"","categoryEn":"","descriptionAr":"تقييم المتطلبات وظروف الموقع والأهداف.","descriptionEn":"Evaluate requirements, site conditions, and business objectives."},{"id":"step-2","date":"2","icon":"fa-circle","titleAr":"التصميم والتخطيط","titleEn":"Design & Planning","imageUrl":"","categoryAr":"","categoryEn":"","descriptionAr":"تصاميم مفصلة لأداء مثالي وقابلية التوسع.","descriptionEn":"Detailed designs for optimal performance and scalability."},{"id":"step-3","date":"3","icon":"fa-circle","titleAr":"التنفيذ","titleEn":"Implementation","imageUrl":"","categoryAr":"","categoryEn":"","descriptionAr":"تركيب وتكوين واختبار احترافي.","descriptionEn":"Professional installation, configuration, and testing."},{"id":"step-4","date":"4","icon":"fa-circle","titleAr":"التدريب","titleEn":"Training","imageUrl":"","categoryAr":"","categoryEn":"","descriptionAr":"تدريب شامل لتحقيق أقصى قيمة من الاستثمارات.","descriptionEn":"Comprehensive training for maximum value from investments."},{"id":"step-5","date":"5","icon":"fa-circle","titleAr":"الدعم المستمر","titleEn":"Ongoing Support","imageUrl":"","categoryAr":"","categoryEn":"","descriptionAr":"مراقبة ودعم وترقيات وتحسين.","descriptionEn":"Monitoring, support, upgrades, and optimization."}],"layout":"vertical","titleAr":"عمليتنا","titleEn":"Our Process"},"version":"2.0"},{"id":"trustBadges-12","type":"trustBadges","props":{"items":[{"id":"badge-1","href":"","icon":"fa-award","labelAr":"أكثر من 10 سنوات","labelEn":"10+ Years Experience","imageUrl":"","mediaAssetId":"","descriptionAr":"","descriptionEn":""},{"id":"badge-2","href":"","icon":"fa-briefcase","labelAr":"أكثر من 500 مشروع","labelEn":"500+ Projects","imageUrl":"","mediaAssetId":"","descriptionAr":"","descriptionEn":""},{"id":"badge-3","href":"","icon":"fa-building","labelAr":"مستوى المؤسسات","labelEn":"Enterprise-Grade","imageUrl":"","mediaAssetId":"","descriptionAr":"","descriptionEn":""},{"id":"badge-4","href":"","icon":"fa-truck","labelAr":"تسليم متكامل","labelEn":"End-to-End Delivery","imageUrl":"","mediaAssetId":"","descriptionAr":"","descriptionEn":""}],"layout":"grid","titleAr":"لماذا تختار BRT TRADING LLC؟","titleEn":"Why Choose BRT TRADING LLC?","subtitleAr":"","subtitleEn":"","registrationNo":""},"version":"2.0"}]'::jsonb, '2026-06-05 11:01:42.387'::timestamp(3), NULL, '2026-06-01 13:36:59.340'::timestamp(3), '2026-06-05 11:01:42.409'::timestamp(3), '{}'::jsonb);
INSERT INTO "CmsPage" ("id", "slug", "titleEn", "titleAr", "excerptEn", "excerptAr", "templateKey", "status", "blocks", "publishedAt", "scheduledAt", "createdAt", "updatedAt", "visualSettings") VALUES ('cmpv9628d001uhf2wj35o8c1o', 'contact', 'Contact', 'اتصل بنا', '', '', 'contact', 'PUBLISHED', '[{"id":"hero-31","type":"hero","props":{"layout":"centered","badgeAr":"","badgeEn":"","ctaHref":"/contact","titleAr":"اتصل بنا","titleEn":"Contact Us","imageUrl":"","minHeight":"70vh","ctaLabelAr":"","ctaLabelEn":"","subtitleAr":"تواصل معنا لاستشارة مجانية وحل مخصص","subtitleEn":"Get in touch for a free consultation and customized solution","mediaAssetId":"","backgroundType":"gradient","overlayOpacity":60,"secondaryCtaHref":"","secondaryCtaLabelAr":"","secondaryCtaLabelEn":""},"version":"2.0"},{"id":"contactFormBuilder-32","type":"contactFormBuilder","props":{"layout":"stacked","titleAr":"أرسل لنا رسالة","titleEn":"Send Us a Message","templateId":"mock-form-brt-contact","redirectUrl":"","successMessageAr":"شكراً لك! سنتواصل معك قريباً.","successMessageEn":"Thank you! We will be in touch shortly."},"version":"2.0"},{"id":"richText-33","type":"richText","props":{"htmlAr":"<p><strong>BRT TRADING LLC</strong></p><p>📧 info@brt-me.com</p><p>🌐 www.brt-me.com</p><p>📞 +971 55 472 7292</p><p><em>تمكين الاتصال. تعزيز الأمن. تمكين المعيشة الذكية.</em></p>","htmlEn":"<p><strong>BRT TRADING LLC</strong></p><p>📧 info@brt-me.com</p><p>🌐 www.brt-me.com</p><p>📞 +971 55 472 7292</p><p><em>Empowering Connectivity. Enhancing Security. Enabling Smart Living.</em></p>"},"version":"2.0"}]'::jsonb, '2026-06-05 11:01:42.387'::timestamp(3), NULL, '2026-06-01 13:36:59.342'::timestamp(3), '2026-06-05 11:01:42.428'::timestamp(3), '{}'::jsonb);
INSERT INTO "CmsPage" ("id", "slug", "titleEn", "titleAr", "excerptEn", "excerptAr", "templateKey", "status", "blocks", "publishedAt", "scheduledAt", "createdAt", "updatedAt", "visualSettings") VALUES ('cmpv9628f001vhf2wywizdn0i', 'packages', '', '', '', '', 'packages', 'DRAFT', '[]'::jsonb, NULL, NULL, '2026-06-01 13:36:59.343'::timestamp(3), '2026-06-05 11:01:42.433'::timestamp(3), '{}'::jsonb);
INSERT INTO "CmsPage" ("id", "slug", "titleEn", "titleAr", "excerptEn", "excerptAr", "templateKey", "status", "blocks", "publishedAt", "scheduledAt", "createdAt", "updatedAt", "visualSettings") VALUES ('cmpv9628i001xhf2wh2ban5s8', 'gallery', 'Gallery', 'المعرض', '', '', 'gallery', 'PUBLISHED', '[{"id":"hero-27","type":"hero","props":{"layout":"centered","badgeAr":"","badgeEn":"","ctaHref":"/contact","titleAr":"معرض المشاريع","titleEn":"Project Gallery","imageUrl":"","minHeight":"70vh","ctaLabelAr":"","ctaLabelEn":"","subtitleAr":"استكشف مشاريعنا المكتملة في الاتصالات والأمن والتقنية الذكية","subtitleEn":"Explore our completed wireless, security, and smart technology projects","mediaAssetId":"","backgroundType":"gradient","overlayOpacity":60,"secondaryCtaHref":"","secondaryCtaLabelAr":"","secondaryCtaLabelEn":""},"version":"2.0"},{"id":"gallery-28","type":"gallery","props":{"limit":0,"columns":3,"titleAr":"أعمالنا","titleEn":"Our Work","variant":"grid","gallerySlug":"brt-projects","showViewAllLink":true},"version":"2.0"}]'::jsonb, '2026-06-05 11:01:42.387'::timestamp(3), NULL, '2026-06-01 13:36:59.347'::timestamp(3), '2026-06-05 11:01:42.424'::timestamp(3), '{}'::jsonb);
INSERT INTO "CmsPage" ("id", "slug", "titleEn", "titleAr", "excerptEn", "excerptAr", "templateKey", "status", "blocks", "publishedAt", "scheduledAt", "createdAt", "updatedAt", "visualSettings") VALUES ('cmpv9628k001yhf2wm8z0982c', 'testimonials', 'Testimonials', 'آراء العملاء', '', '', 'testimonials', 'PUBLISHED', '[{"id":"hero-29","type":"hero","props":{"layout":"centered","badgeAr":"","badgeEn":"","ctaHref":"/contact","titleAr":"آراء العملاء","titleEn":"Client Testimonials","imageUrl":"","minHeight":"70vh","ctaLabelAr":"","ctaLabelEn":"","subtitleAr":"استمع إلى الشركات وأصحاب المنازل الذين يثقون بـ BRT","subtitleEn":"Hear from businesses and homeowners who trust BRT TRADING LLC","mediaAssetId":"","backgroundType":"gradient","overlayOpacity":60,"secondaryCtaHref":"","secondaryCtaLabelAr":"","secondaryCtaLabelEn":""},"version":"2.0"},{"id":"testimonials-30","type":"testimonials","props":{"limit":12,"source":"collection","columns":3,"titleAr":"ماذا يقول عملاؤنا","titleEn":"What Our Clients Say","autoplay":false,"layoutMode":"grid","subtitleAr":"","subtitleEn":"","cardVariant":"default","sliderEnabled":false,"testimonialIds":[],"showViewAllLink":true,"autoplayIntervalMs":5000,"testimonialCollectionSlug":"brt-clients"},"version":"2.0"}]'::jsonb, '2026-06-05 11:01:42.387'::timestamp(3), NULL, '2026-06-01 13:36:59.348'::timestamp(3), '2026-06-05 11:01:42.426'::timestamp(3), '{}'::jsonb);
INSERT INTO "CmsPage" ("id", "slug", "titleEn", "titleAr", "excerptEn", "excerptAr", "templateKey", "status", "blocks", "publishedAt", "scheduledAt", "createdAt", "updatedAt", "visualSettings") VALUES ('cmpv9628l001zhf2wrg4nzifr', 'hotels-transport', '', '', '', '', 'hotels-transport', 'DRAFT', '[]'::jsonb, NULL, NULL, '2026-06-01 13:36:59.350'::timestamp(3), '2026-06-05 11:01:42.435'::timestamp(3), '{}'::jsonb);
INSERT INTO "CmsPage" ("id", "slug", "titleEn", "titleAr", "excerptEn", "excerptAr", "templateKey", "status", "blocks", "publishedAt", "scheduledAt", "createdAt", "updatedAt", "visualSettings") VALUES ('cmq05v0tp0007hflkcksu8qmq', 'products', '', '', '', '', 'products', 'DRAFT', '[]'::jsonb, NULL, NULL, '2026-06-05 00:03:16.334'::timestamp(3), '2026-06-05 11:01:42.436'::timestamp(3), '{}'::jsonb);
INSERT INTO "CmsPage" ("id", "slug", "titleEn", "titleAr", "excerptEn", "excerptAr", "templateKey", "status", "blocks", "publishedAt", "scheduledAt", "createdAt", "updatedAt", "visualSettings") VALUES ('cmq05v0u30008hflkq684a21o', 'collections', '', '', '', '', 'collections', 'DRAFT', '[]'::jsonb, NULL, NULL, '2026-06-05 00:03:16.348'::timestamp(3), '2026-06-05 11:01:42.437'::timestamp(3), '{}'::jsonb);
INSERT INTO "CmsPage" ("id", "slug", "titleEn", "titleAr", "excerptEn", "excerptAr", "templateKey", "status", "blocks", "publishedAt", "scheduledAt", "createdAt", "updatedAt", "visualSettings") VALUES ('cmq05v0u80009hflksefq0grx', 'services', 'Services', 'الخدمات', '', '', 'services', 'PUBLISHED', '[{"id":"hero-13","type":"hero","props":{"layout":"centered","badgeAr":"","badgeEn":"","ctaHref":"/contact","titleAr":"خدماتنا","titleEn":"Our Services","imageUrl":"","minHeight":"70vh","ctaLabelAr":"اطلب عرضاً","ctaLabelEn":"Request a Quote","subtitleAr":"حلول شاملة للاتصالات اللاسلكية والأمن والتقنية الذكية","subtitleEn":"Comprehensive wireless, security, and smart technology solutions","mediaAssetId":"","backgroundType":"gradient","overlayOpacity":60,"secondaryCtaHref":"","secondaryCtaLabelAr":"","secondaryCtaLabelEn":""},"version":"2.0"},{"id":"catalog-14","type":"catalog","props":{"city":"","limit":12,"source":"services","titleAr":"جميع الخدمات","titleEn":"All Services","manualIds":[],"subtitleAr":"","subtitleEn":"","serviceType":"","viewAllHref":"/services","categorySlug":"","featuredOnly":false,"emptyMessageAr":"","emptyMessageEn":"","displaySettings":{"limit":12,"columns":3,"autoplay":false,"showCity":true,"showIcon":true,"showPrice":true,"showStars":true,"layoutMode":"grid","cardVariant":"default","showExcerpt":true,"showCategory":true,"showDuration":true,"showViewAllLink":true,"autoplayIntervalMs":5000}},"version":"2.0"},{"id":"featureGrid-15","type":"featureGrid","props":{"items":[{"id":"feat-1","href":"/smart-home","icon":"fa-home","titleAr":"المنزل الذكي","titleEn":"Smart Home","imageUrl":"","metricAr":"","metricEn":"","categoryAr":"","categoryEn":"","linkLabelAr":"","linkLabelEn":"","mediaAssetId":"","descriptionAr":"أتمتة منزلية كاملة وتكامل صوتي.","descriptionEn":"Full home automation and voice integration."},{"id":"feat-2","href":"/security-solutions","icon":"fa-shield","titleAr":"الأمن","titleEn":"Security","imageUrl":"","metricAr":"","metricEn":"","categoryAr":"","categoryEn":"","linkLabelAr":"","linkLabelEn":"","mediaAssetId":"","descriptionAr":"مراقبة ذكية والتحكم في الوصول.","descriptionEn":"Intelligent surveillance and access control."},{"id":"feat-3","href":"/enterprise-wireless","icon":"fa-wifi","titleAr":"شبكة المؤسسات","titleEn":"Enterprise Wireless","imageUrl":"","metricAr":"","metricEn":"","categoryAr":"","categoryEn":"","linkLabelAr":"","linkLabelEn":"","mediaAssetId":"","descriptionAr":"تصميم ونشر وتحسين Wi-Fi.","descriptionEn":"Wi-Fi design, deployment, and optimization."}],"columns":3,"titleAr":"حلول متخصصة","titleEn":"Specialized Solutions","subtitleAr":"","subtitleEn":"","cardVariant":"iconTop","showCategories":false},"version":"2.0"}]'::jsonb, '2026-06-05 11:01:42.387'::timestamp(3), NULL, '2026-06-05 00:03:16.352'::timestamp(3), '2026-06-05 11:01:42.413'::timestamp(3), '{}'::jsonb);
INSERT INTO "CmsPage" ("id", "slug", "titleEn", "titleAr", "excerptEn", "excerptAr", "templateKey", "status", "blocks", "publishedAt", "scheduledAt", "createdAt", "updatedAt", "visualSettings") VALUES ('cmq05v0ub000ahflkd7ca8i8k', 'compare', '', '', '', '', 'compare', 'DRAFT', '[]'::jsonb, NULL, NULL, '2026-06-05 00:03:16.355'::timestamp(3), '2026-06-05 11:01:42.438'::timestamp(3), '{}'::jsonb);
INSERT INTO "CmsPage" ("id", "slug", "titleEn", "titleAr", "excerptEn", "excerptAr", "templateKey", "status", "blocks", "publishedAt", "scheduledAt", "createdAt", "updatedAt", "visualSettings") VALUES ('cmq05v0uf000bhflk8am0vhv5', 'favorites', '', '', '', '', 'favorites', 'DRAFT', '[]'::jsonb, NULL, NULL, '2026-06-05 00:03:16.360'::timestamp(3), '2026-06-05 11:01:42.439'::timestamp(3), '{}'::jsonb);
INSERT INTO "CmsPage" ("id", "slug", "titleEn", "titleAr", "excerptEn", "excerptAr", "templateKey", "status", "blocks", "publishedAt", "scheduledAt", "createdAt", "updatedAt", "visualSettings") VALUES ('cmq05v0uk000chflk5roi5z5m', 'account', '', '', '', '', 'account', 'DRAFT', '[]'::jsonb, NULL, NULL, '2026-06-05 00:03:16.364'::timestamp(3), '2026-06-05 11:01:42.440'::timestamp(3), '{}'::jsonb);
INSERT INTO "CmsPage" ("id", "slug", "titleEn", "titleAr", "excerptEn", "excerptAr", "templateKey", "status", "blocks", "publishedAt", "scheduledAt", "createdAt", "updatedAt", "visualSettings") VALUES ('cmq0j4wac0027hfd4sahais3b', 'smart-home', 'Smart Home Solutions', 'حلول المنزل الذكي', '', '', 'landing', 'PUBLISHED', '[{"id":"hero-16","type":"hero","props":{"layout":"centered","badgeAr":"","badgeEn":"","ctaHref":"/contact","titleAr":"تحويل المنازل عبر الأتمتة الذكية","titleEn":"Transforming Homes Through Intelligent Automation","imageUrl":"/images/placeholder.svg","minHeight":"70vh","ctaLabelAr":"ابدأ الآن","ctaLabelEn":"Get Started","subtitleAr":"راحة وأمان وكفاءة في استهلاك الطاقة","subtitleEn":"Convenience, comfort, security, and energy efficiency","mediaAssetId":"mock-media-service-smarthome","backgroundType":"image","overlayOpacity":60,"secondaryCtaHref":"","secondaryCtaLabelAr":"","secondaryCtaLabelEn":""},"version":"2.0"},{"id":"featureGrid-17","type":"featureGrid","props":{"items":[{"id":"feat-1","href":"","icon":"fa-magic","titleAr":"أتمتة المنزل","titleEn":"Home Automation","imageUrl":"","metricAr":"","metricEn":"","categoryAr":"","categoryEn":"","linkLabelAr":"","linkLabelEn":"","mediaAssetId":"","descriptionAr":"الإضاءة والمناخ والستائر والترفيه.","descriptionEn":"Lighting, climate, curtains, and entertainment."},{"id":"feat-2","href":"","icon":"fa-mobile","titleAr":"الوصول عن بُعد","titleEn":"Remote Access","imageUrl":"","metricAr":"","metricEn":"","categoryAr":"","categoryEn":"","linkLabelAr":"","linkLabelEn":"","mediaAssetId":"","descriptionAr":"التحكم من الهاتف أو الجهاز اللوحي أو الصوت.","descriptionEn":"Control from smartphone, tablet, or voice."},{"id":"feat-3","href":"","icon":"fa-lock","titleAr":"الأمن الذكي","titleEn":"Smart Security","imageUrl":"","metricAr":"","metricEn":"","categoryAr":"","categoryEn":"","linkLabelAr":"","linkLabelEn":"","mediaAssetId":"","descriptionAr":"أقفال ذكية وكاميرات وإشعارات فورية.","descriptionEn":"Smart locks, cameras, and instant notifications."},{"id":"feat-4","href":"","icon":"fa-bolt","titleAr":"إدارة الطاقة","titleEn":"Energy Management","imageUrl":"","metricAr":"","metricEn":"","categoryAr":"","categoryEn":"","linkLabelAr":"","linkLabelEn":"","mediaAssetId":"","descriptionAr":"تقليل تكاليف الطاقة بنسبة تصل إلى 30%.","descriptionEn":"Up to 30% reduction in energy costs."}],"columns":3,"titleAr":"ميزات المنزل الذكي","titleEn":"Smart Home Features","subtitleAr":"","subtitleEn":"","cardVariant":"iconTop","showCategories":false},"version":"2.0"},{"id":"benefitsGrid-18","type":"benefitsGrid","props":{"items":[{"id":"benefit-1","href":"","icon":"fa-th","titleAr":"أتمتة متعددة المناطق","titleEn":"Multi-Zone Automation","imageUrl":"","metricAr":"","metricEn":"","categoryAr":"","categoryEn":"","linkLabelAr":"","linkLabelEn":"","mediaAssetId":"","descriptionAr":"التحكم في مناطق مختلفة بشكل مستقل.","descriptionEn":"Control different areas independently."},{"id":"benefit-2","href":"","icon":"fa-clock","titleAr":"مراقبة 24/7","titleEn":"24/7 Monitoring","imageUrl":"","metricAr":"","metricEn":"","categoryAr":"","categoryEn":"","linkLabelAr":"","linkLabelEn":"","mediaAssetId":"","descriptionAr":"أمن وتنبيهات على مدار الساعة.","descriptionEn":"Round-the-clock security and alerts."},{"id":"benefit-3","href":"","icon":"fa-microphone","titleAr":"تكامل المساعد الصوتي","titleEn":"Voice Assistant Integration","imageUrl":"","metricAr":"","metricEn":"","categoryAr":"","categoryEn":"","linkLabelAr":"","linkLabelEn":"","mediaAssetId":"","descriptionAr":"أليكسا ومساعد جوجل وسيري.","descriptionEn":"Alexa, Google Assistant, and Siri."}],"layout":"numbered","titleAr":"الفوائد الرئيسية","titleEn":"Key Benefits","emphasis":"outcome","subtitleAr":"","subtitleEn":""},"version":"2.0"},{"id":"faq-19","type":"faq","props":{"limit":0,"titleAr":"أسئلة المنزل الذكي","titleEn":"Smart Home FAQ","faqSetSlug":"smart-home"},"version":"2.0"}]'::jsonb, '2026-06-05 11:01:42.387'::timestamp(3), NULL, '2026-06-05 06:14:52.020'::timestamp(3), '2026-06-05 11:01:42.416'::timestamp(3), '{}'::jsonb);
INSERT INTO "CmsPage" ("id", "slug", "titleEn", "titleAr", "excerptEn", "excerptAr", "templateKey", "status", "blocks", "publishedAt", "scheduledAt", "createdAt", "updatedAt", "visualSettings") VALUES ('cmq0j4waj0028hfd4muyeccf4', 'security-solutions', 'Security Solutions', 'حلول الأمن', '', '', 'landing', 'PUBLISHED', '[{"id":"hero-20","type":"hero","props":{"layout":"centered","badgeAr":"","badgeEn":"","ctaHref":"/contact","titleAr":"أنظمة أمن شاملة","titleEn":"Comprehensive Security Systems","imageUrl":"/images/placeholder.svg","minHeight":"70vh","ctaLabelAr":"أمّن ممتلكاتك","ctaLabelEn":"Secure Your Property","subtitleAr":"حماية الأشخاص والأصول والعمليات عبر مراقبة ذكية","subtitleEn":"Safeguard people, assets, and operations through intelligent monitoring","mediaAssetId":"mock-media-service-security","backgroundType":"image","overlayOpacity":60,"secondaryCtaHref":"","secondaryCtaLabelAr":"","secondaryCtaLabelEn":""},"version":"2.0"},{"id":"featureGrid-21","type":"featureGrid","props":{"items":[{"id":"feat-1","href":"","icon":"fa-video","titleAr":"مراقبة CCTV","titleEn":"CCTV Surveillance","imageUrl":"","metricAr":"","metricEn":"","categoryAr":"","categoryEn":"","linkLabelAr":"","linkLabelEn":"","mediaAssetId":"","descriptionAr":"كاميرات عالية الدقة مع عرض عن بُعد.","descriptionEn":"High-definition cameras with remote viewing."},{"id":"feat-2","href":"","icon":"fa-key","titleAr":"التحكم في الوصول","titleEn":"Access Control","imageUrl":"","metricAr":"","metricEn":"","categoryAr":"","categoryEn":"","linkLabelAr":"","linkLabelEn":"","mediaAssetId":"","descriptionAr":"أقفال ذكية وإدارة وصول مركزية.","descriptionEn":"Smart locks and centralized access management."},{"id":"feat-3","href":"","icon":"fa-brain","titleAr":"تحليلات الفيديو","titleEn":"Video Analytics","imageUrl":"","metricAr":"","metricEn":"","categoryAr":"","categoryEn":"","linkLabelAr":"","linkLabelEn":"","mediaAssetId":"","descriptionAr":"كشف حركة وتنبيهات بالذكاء الاصطناعي.","descriptionEn":"AI-powered motion detection and alerts."},{"id":"feat-4","href":"","icon":"fa-dashboard","titleAr":"منصات متكاملة","titleEn":"Integrated Platforms","imageUrl":"","metricAr":"","metricEn":"","categoryAr":"","categoryEn":"","linkLabelAr":"","linkLabelEn":"","mediaAssetId":"","descriptionAr":"لوحة إدارة أمن موحدة.","descriptionEn":"Unified security management dashboard."}],"columns":3,"titleAr":"حلول الأمن","titleEn":"Security Solutions","subtitleAr":"","subtitleEn":"","cardVariant":"iconTop","showCategories":false},"version":"2.0"},{"id":"beforeAfter-22","type":"beforeAfter","props":{"layout":"slider","titleAr":"قبل وبعد ترقية الأمن","titleEn":"Before & After Security Upgrade","subtitleAr":"","subtitleEn":"","afterLabelAr":"بعد","afterLabelEn":"After","afterImageUrl":"/images/placeholder.svg","beforeLabelAr":"قبل","beforeLabelEn":"Before","beforeImageUrl":"/images/placeholder.svg","afterMediaAssetId":"mock-media-project-9","beforeMediaAssetId":"mock-media-project-3"},"version":"2.0"},{"id":"faq-23","type":"faq","props":{"limit":0,"titleAr":"أسئلة الأمن","titleEn":"Security FAQ","faqSetSlug":"security"},"version":"2.0"}]'::jsonb, '2026-06-05 11:01:42.387'::timestamp(3), NULL, '2026-06-05 06:14:52.027'::timestamp(3), '2026-06-05 11:01:42.419'::timestamp(3), '{}'::jsonb);
INSERT INTO "CmsPage" ("id", "slug", "titleEn", "titleAr", "excerptEn", "excerptAr", "templateKey", "status", "blocks", "publishedAt", "scheduledAt", "createdAt", "updatedAt", "visualSettings") VALUES ('cmq0j4was0029hfd4p0t4ll4q', 'enterprise-wireless', 'Enterprise Wireless', 'الشبكة اللاسلكية للمؤسسات', '', '', 'landing', 'PUBLISHED', '[{"id":"hero-24","type":"hero","props":{"layout":"centered","badgeAr":"","badgeEn":"","ctaHref":"/contact","titleAr":"حلول الشبكة اللاسلكية للمؤسسات","titleEn":"Enterprise Wireless Network Solutions","imageUrl":"/images/placeholder.svg","minHeight":"70vh","ctaLabelAr":"اطلب معاينة","ctaLabelEn":"Request Survey","subtitleAr":"اتصال سلس وأداء مثالي واستقرار أقصى","subtitleEn":"Seamless connectivity, optimal performance, and maximum stability","mediaAssetId":"mock-media-service-wireless","backgroundType":"image","overlayOpacity":60,"secondaryCtaHref":"","secondaryCtaLabelAr":"","secondaryCtaLabelEn":""},"version":"2.0"},{"id":"benefitsGrid-25","type":"benefitsGrid","props":{"items":[{"id":"benefit-1","href":"","icon":"fa-drafting-compass","titleAr":"تصميم الشبكة","titleEn":"Network Design & Planning","imageUrl":"","metricAr":"","metricEn":"","categoryAr":"","categoryEn":"","linkLabelAr":"","linkLabelEn":"","mediaAssetId":"","descriptionAr":"مخططات بنية لاسلكية مخصصة.","descriptionEn":"Custom wireless infrastructure blueprints."},{"id":"benefit-2","href":"","icon":"fa-wifi","titleAr":"نشر Wi-Fi","titleEn":"Wi-Fi Deployment","imageUrl":"","metricAr":"","metricEn":"","categoryAr":"","categoryEn":"","linkLabelAr":"","linkLabelEn":"","mediaAssetId":"","descriptionAr":"تركيب وتكوين احترافي.","descriptionEn":"Professional installation and configuration."},{"id":"benefit-3","href":"","icon":"fa-map","titleAr":"معاينات الموقع","titleEn":"Site Surveys","imageUrl":"","metricAr":"","metricEn":"","categoryAr":"","categoryEn":"","linkLabelAr":"","linkLabelEn":"","mediaAssetId":"","descriptionAr":"تحليل التغطية وإزالة المناطق الميتة.","descriptionEn":"Coverage analysis and dead zone elimination."},{"id":"benefit-4","href":"","icon":"fa-heartbeat","titleAr":"المراقبة والصيانة","titleEn":"Monitoring & Maintenance","imageUrl":"","metricAr":"","metricEn":"","categoryAr":"","categoryEn":"","linkLabelAr":"","linkLabelEn":"","mediaAssetId":"","descriptionAr":"مراقبة صحة الشبكة على مدار الساعة.","descriptionEn":"24/7 network health monitoring."}],"layout":"cards","titleAr":"تشمل الخدمات","titleEn":"Services Include","emphasis":"outcome","subtitleAr":"","subtitleEn":""},"version":"2.0"},{"id":"statsCounter-26","type":"statsCounter","props":{"items":[{"id":"stat-1","icon":"","value":99,"prefix":"","suffix":"%","labelAr":"اتفاقية التشغيل","labelEn":"Uptime SLA","chartData":[],"chartType":"none","descriptionAr":"","descriptionEn":""},{"id":"stat-2","icon":"","value":24,"prefix":"","suffix":"/7","labelAr":"مراقبة NOC","labelEn":"NOC Monitoring","chartData":[],"chartType":"none","descriptionAr":"","descriptionEn":""},{"id":"stat-3","icon":"","value":100,"prefix":"","suffix":"%","labelAr":"هدف التغطية","labelEn":"Coverage Target","chartData":[],"chartType":"none","descriptionAr":"","descriptionEn":""}],"layout":"grid","titleAr":"أداء الشبكة","titleEn":"Network Performance","subtitleAr":"","subtitleEn":"","animateOnView":true},"version":"2.0"}]'::jsonb, '2026-06-05 11:01:42.387'::timestamp(3), NULL, '2026-06-05 06:14:52.036'::timestamp(3), '2026-06-05 11:01:42.422'::timestamp(3), '{}'::jsonb);
INSERT INTO "CmsPage" ("id", "slug", "titleEn", "titleAr", "excerptEn", "excerptAr", "templateKey", "status", "blocks", "publishedAt", "scheduledAt", "createdAt", "updatedAt", "visualSettings") VALUES ('cmq0j593r002rhffcy04slljf', 'why-choose-us', '', '', '', '', 'landing', 'DRAFT', '[]'::jsonb, NULL, NULL, '2026-06-05 06:15:08.631'::timestamp(3), '2026-06-05 11:01:42.441'::timestamp(3), '{}'::jsonb);

-- CompanyInfo (1 rows)
INSERT INTO "CompanyInfo" ("id", "name", "taglineEn", "taglineAr", "storyEn", "storyAr", "missionEn", "missionAr", "visionEn", "visionAr", "valuesEn", "valuesAr", "registrationNo", "licenseInfo", "addressEn", "addressAr", "phone", "whatsapp", "email", "officeHoursEn", "officeHoursAr", "socialLinks", "trustBadges", "updatedAt") VALUES ('default', 'BRT TRADING LLC', 'Innovative Wireless & Smart Technology Solutions', 'حلول لاسلكية وتقنية ذكية مبتكرة', 'BRT TRADING LLC is a leading provider of wireless communication, networking, security, and smart automation solutions. With over a decade of industry experience, we help organizations and homeowners leverage cutting-edge technologies to improve connectivity, security, operational efficiency, and digital transformation.', 'شركة BRT TRADING LLC هي مزود رائد لحلول الاتصالات اللاسلكية والشبكات والأمن والأتمتة الذكية. بخبرة تزيد عن عقد في المجال، نساعد المؤسسات وأصحاب المنازل على الاستفادة من أحدث التقنيات لتحسين الاتصال والأمن والكفاءة التشغيلية.', 'Deliver reliable, scalable, and future-ready technology solutions that enhance connectivity, improve security, and create smarter living and working environments.', 'تقديم حلول تقنية موثوقة وقابلة للتوسع وجاهزة للمستقبل تعزز الاتصال وتحسن الأمن وتخلق بيئات معيشة وعمل أكثر ذكاءً.', 'Empowering connectivity, enhancing security, and enabling smart living across enterprises and homes throughout the region.', 'تمكين الاتصال وتعزيز الأمن وتمكين المعيشة الذكية عبر المؤسسات والمنازل في المنطقة.', '["Quality","Innovation","Customer Satisfaction"]'::jsonb, '["الجودة","الابتكار","رضا العملاء"]'::jsonb, 'BRT-2024-UAE', 'Licensed technology solutions provider — UAE', 'Dubai, United Arab Emirates', 'دبي، الإمارات العربية المتحدة', '+971 55 472 7292', '+971554727292', 'info@brt-me.com', 'Sun–Thu: 9:00 AM – 6:00 PM', 'الأحد–الخميس: 9:00 ص – 6:00 م', '{"facebook":"https://facebook.com","linkedin":"https://linkedin.com","instagram":"https://instagram.com"}'::jsonb, '[{"icon":"fa-award","labelAr":"أكثر من 10 سنوات خبرة","labelEn":"10+ Years Experience"},{"icon":"fa-briefcase","labelAr":"أكثر من 500 مشروع","labelEn":"500+ Projects Delivered"},{"icon":"fa-star","labelAr":"99% رضا العملاء","labelEn":"99% Client Satisfaction"},{"icon":"fa-certificate","labelAr":"خبرة معتمدة","labelEn":"Certified Expertise"}]'::jsonb, '2026-06-05 11:01:42.305'::timestamp(3));

-- ContentItem (7 rows)
INSERT INTO "ContentItem" ("id", "contentTypeId", "collectionId", "slug", "titleEn", "titleAr", "excerptEn", "excerptAr", "descriptionEn", "descriptionAr", "attributes", "blocks", "displaySettings", "metadata", "status", "isFeatured", "isVisible", "sortOrder", "publishedAt", "archivedAt", "deletedAt", "featuredImageUrl", "createdAt", "updatedAt") VALUES ('cmq0tdrw0001khf64xcwxvxk2', 'cmpv9625u0003hf2w6pjnojic', NULL, 'enterprise-wireless', 'Enterprise Wireless Networks', 'شبكات لاسلكية للمؤسسات', 'Robust wireless infrastructures for seamless connectivity.', 'بنى لاسلكية قوية لاتصال سلس.', 'Design and deployment of wireless networks including site surveys, optimization, and 24/7 monitoring.', 'تصميم ونشر شبكات لاسلكية تشمل المعاينات والتحسين والمراقبة على مدار الساعة.', '{"icon":"fa-wifi","ctaHref":"/enterprise-wireless","ctaLabel":"Learn More","offeringType":"OTHER"}'::jsonb, '[]'::jsonb, '{}'::jsonb, '{}'::jsonb, 'PUBLISHED', true, true, 0, '2026-06-05 11:01:42.368'::timestamp(3), NULL, NULL, NULL, '2026-06-05 11:01:42.384'::timestamp(3), '2026-06-05 11:01:42.384'::timestamp(3));
INSERT INTO "ContentItem" ("id", "contentTypeId", "collectionId", "slug", "titleEn", "titleAr", "excerptEn", "excerptAr", "descriptionEn", "descriptionAr", "attributes", "blocks", "displaySettings", "metadata", "status", "isFeatured", "isVisible", "sortOrder", "publishedAt", "archivedAt", "deletedAt", "featuredImageUrl", "createdAt", "updatedAt") VALUES ('cmq0tdrw6001nhf64psq53ha1', 'cmpv9625u0003hf2w6pjnojic', NULL, 'indoor-coverage', 'Enterprise Indoor Coverage', 'تغطية داخلية للمؤسسات', 'Building-wide signal enhancement and multi-operator coverage.', 'تعزيز الإشارة على مستوى المبنى وتغطية متعددة المشغلين.', 'GSM stability, wireless data, handset connectivity, and IP PBX communication stability.', 'استقرار GSM والبيانات اللاسلكية واتصال الهواتف واستقرار IP PBX.', '{"icon":"fa-signal","ctaHref":"/services","ctaLabel":"Learn More","offeringType":"OTHER"}'::jsonb, '[]'::jsonb, '{}'::jsonb, '{}'::jsonb, 'PUBLISHED', true, true, 1, '2026-06-05 11:01:42.375'::timestamp(3), NULL, NULL, NULL, '2026-06-05 11:01:42.390'::timestamp(3), '2026-06-05 11:01:42.390'::timestamp(3));
INSERT INTO "ContentItem" ("id", "contentTypeId", "collectionId", "slug", "titleEn", "titleAr", "excerptEn", "excerptAr", "descriptionEn", "descriptionAr", "attributes", "blocks", "displaySettings", "metadata", "status", "isFeatured", "isVisible", "sortOrder", "publishedAt", "archivedAt", "deletedAt", "featuredImageUrl", "createdAt", "updatedAt") VALUES ('cmq0tdrw7001qhf64eo8a04pt', 'cmpv9625u0003hf2w6pjnojic', NULL, 'security-systems', 'Security Solutions', 'حلول الأمن', 'CCTV, access control, smart locks, and integrated platforms.', 'CCTV والتحكم في الوصول والأقفال الذكية ومنصات متكاملة.', 'Comprehensive security systems with intelligent monitoring and proactive protection.', 'أنظمة أمن شاملة مع مراقبة ذكية وحماية استباقية.', '{"icon":"fa-shield","ctaHref":"/security-solutions","ctaLabel":"Learn More","offeringType":"OTHER"}'::jsonb, '[]'::jsonb, '{}'::jsonb, '{}'::jsonb, 'PUBLISHED', true, true, 2, '2026-06-05 11:01:42.377'::timestamp(3), NULL, NULL, NULL, '2026-06-05 11:01:42.392'::timestamp(3), '2026-06-05 11:01:42.392'::timestamp(3));
INSERT INTO "ContentItem" ("id", "contentTypeId", "collectionId", "slug", "titleEn", "titleAr", "excerptEn", "excerptAr", "descriptionEn", "descriptionAr", "attributes", "blocks", "displaySettings", "metadata", "status", "isFeatured", "isVisible", "sortOrder", "publishedAt", "archivedAt", "deletedAt", "featuredImageUrl", "createdAt", "updatedAt") VALUES ('cmq0tdrwa001thf6438q97a7b', 'cmpv9625u0003hf2w6pjnojic', NULL, 'iot-solutions', 'IoT & Smart Technology', 'إنترنت الأشياء والتقنية الذكية', 'Device integration, automation, and real-time analytics.', 'تكامل الأجهزة والأتمتة والتحليلات الفورية.', 'Connect devices, automate processes, and gain insights through intelligent control systems.', 'ربط الأجهزة وأتمتة العمليات والحصول على رؤى عبر أنظمة تحكم ذكية.', '{"icon":"fa-microchip","ctaHref":"/services","ctaLabel":"Learn More","offeringType":"OTHER"}'::jsonb, '[]'::jsonb, '{}'::jsonb, '{}'::jsonb, 'PUBLISHED', false, true, 3, '2026-06-05 11:01:42.380'::timestamp(3), NULL, NULL, NULL, '2026-06-05 11:01:42.395'::timestamp(3), '2026-06-05 11:01:42.395'::timestamp(3));
INSERT INTO "ContentItem" ("id", "contentTypeId", "collectionId", "slug", "titleEn", "titleAr", "excerptEn", "excerptAr", "descriptionEn", "descriptionAr", "attributes", "blocks", "displaySettings", "metadata", "status", "isFeatured", "isVisible", "sortOrder", "publishedAt", "archivedAt", "deletedAt", "featuredImageUrl", "createdAt", "updatedAt") VALUES ('cmq0tdrwc001whf64o6go41er', 'cmpv9625u0003hf2w6pjnojic', NULL, 'smart-home-automation', 'Smart Home Automation', 'أتمتة المنزل الذكي', 'Lighting, climate, security, and entertainment automation.', 'أتمتة الإضاءة والمناخ والأمن والترفيه.', 'Create connected living environments with mobile app and voice assistant control.', 'بيئات معيشة متصلة مع تحكم عبر التطبيق والمساعد الصوتي.', '{"icon":"fa-home","ctaHref":"/smart-home","ctaLabel":"Learn More","offeringType":"OTHER"}'::jsonb, '[]'::jsonb, '{}'::jsonb, '{}'::jsonb, 'PUBLISHED', true, true, 4, '2026-06-05 11:01:42.381'::timestamp(3), NULL, NULL, NULL, '2026-06-05 11:01:42.397'::timestamp(3), '2026-06-05 11:01:42.397'::timestamp(3));
INSERT INTO "ContentItem" ("id", "contentTypeId", "collectionId", "slug", "titleEn", "titleAr", "excerptEn", "excerptAr", "descriptionEn", "descriptionAr", "attributes", "blocks", "displaySettings", "metadata", "status", "isFeatured", "isVisible", "sortOrder", "publishedAt", "archivedAt", "deletedAt", "featuredImageUrl", "createdAt", "updatedAt") VALUES ('cmq0tdrwe001zhf64ayx8e5qk', 'cmpv9625u0003hf2w6pjnojic', NULL, 'ip-pbx', 'IP PBX & Unified Communications', 'IP PBX والاتصالات الموحدة', 'Enterprise-grade voice and unified communication platforms.', 'منصات صوتية واتصالات موحدة للمؤسسات.', 'Reliable IP PBX deployment with building-wide communication stability.', 'نشر IP PBX موثوق مع استقرار اتصالات على مستوى المبنى.', '{"icon":"fa-phone","ctaHref":"/services","ctaLabel":"Learn More","offeringType":"OTHER"}'::jsonb, '[]'::jsonb, '{}'::jsonb, '{}'::jsonb, 'PUBLISHED', false, true, 5, '2026-06-05 11:01:42.383'::timestamp(3), NULL, NULL, NULL, '2026-06-05 11:01:42.399'::timestamp(3), '2026-06-05 11:01:42.399'::timestamp(3));
INSERT INTO "ContentItem" ("id", "contentTypeId", "collectionId", "slug", "titleEn", "titleAr", "excerptEn", "excerptAr", "descriptionEn", "descriptionAr", "attributes", "blocks", "displaySettings", "metadata", "status", "isFeatured", "isVisible", "sortOrder", "publishedAt", "archivedAt", "deletedAt", "featuredImageUrl", "createdAt", "updatedAt") VALUES ('cmq0tdrwg0022hf6461hk63p5', 'cmpv9625u0003hf2w6pjnojic', NULL, 'infrastructure', 'Infrastructure Solutions', 'حلول البنية التحتية', 'Scalable network infrastructure design and deployment.', 'تصميم ونشر بنية شبكة قابلة للتوسع.', 'End-to-end infrastructure solutions for enterprises and commercial facilities.', 'حلول بنية تحتية متكاملة للمؤسسات والمرافق التجارية.', '{"icon":"fa-server","ctaHref":"/services","ctaLabel":"Learn More","offeringType":"OTHER"}'::jsonb, '[]'::jsonb, '{}'::jsonb, '{}'::jsonb, 'PUBLISHED', false, true, 6, '2026-06-05 11:01:42.385'::timestamp(3), NULL, NULL, NULL, '2026-06-05 11:01:42.400'::timestamp(3), '2026-06-05 11:01:42.400'::timestamp(3));

-- ContentItemMedia (7 rows)
INSERT INTO "ContentItemMedia" ("id", "itemId", "url", "altEn", "altAr", "captionEn", "captionAr", "sortOrder", "isPublished", "isCover", "isHidden", "createdAt", "updatedAt") VALUES ('cmq0tdrw0001lhf642s1ctubm', 'cmq0tdrw0001khf64xcwxvxk2', '/images/placeholder.svg', 'Enterprise Wireless Networks', 'شبكات لاسلكية للمؤسسات', '', '', 0, true, true, false, '2026-06-05 11:01:42.384'::timestamp(3), '2026-06-05 11:01:42.384'::timestamp(3));
INSERT INTO "ContentItemMedia" ("id", "itemId", "url", "altEn", "altAr", "captionEn", "captionAr", "sortOrder", "isPublished", "isCover", "isHidden", "createdAt", "updatedAt") VALUES ('cmq0tdrw6001ohf64gh9ptcqe', 'cmq0tdrw6001nhf64psq53ha1', '/images/placeholder.svg', 'Enterprise Indoor Coverage', 'تغطية داخلية للمؤسسات', '', '', 0, true, true, false, '2026-06-05 11:01:42.390'::timestamp(3), '2026-06-05 11:01:42.390'::timestamp(3));
INSERT INTO "ContentItemMedia" ("id", "itemId", "url", "altEn", "altAr", "captionEn", "captionAr", "sortOrder", "isPublished", "isCover", "isHidden", "createdAt", "updatedAt") VALUES ('cmq0tdrw7001rhf64johrshzl', 'cmq0tdrw7001qhf64eo8a04pt', '/images/placeholder.svg', 'Security Solutions', 'حلول الأمن', '', '', 0, true, true, false, '2026-06-05 11:01:42.392'::timestamp(3), '2026-06-05 11:01:42.392'::timestamp(3));
INSERT INTO "ContentItemMedia" ("id", "itemId", "url", "altEn", "altAr", "captionEn", "captionAr", "sortOrder", "isPublished", "isCover", "isHidden", "createdAt", "updatedAt") VALUES ('cmq0tdrwa001uhf64ptaofh1j', 'cmq0tdrwa001thf6438q97a7b', '/images/placeholder.svg', 'IoT & Smart Technology', 'إنترنت الأشياء والتقنية الذكية', '', '', 0, true, true, false, '2026-06-05 11:01:42.395'::timestamp(3), '2026-06-05 11:01:42.395'::timestamp(3));
INSERT INTO "ContentItemMedia" ("id", "itemId", "url", "altEn", "altAr", "captionEn", "captionAr", "sortOrder", "isPublished", "isCover", "isHidden", "createdAt", "updatedAt") VALUES ('cmq0tdrwd001xhf64sppnym25', 'cmq0tdrwc001whf64o6go41er', '/images/placeholder.svg', 'Smart Home Automation', 'أتمتة المنزل الذكي', '', '', 0, true, true, false, '2026-06-05 11:01:42.397'::timestamp(3), '2026-06-05 11:01:42.397'::timestamp(3));
INSERT INTO "ContentItemMedia" ("id", "itemId", "url", "altEn", "altAr", "captionEn", "captionAr", "sortOrder", "isPublished", "isCover", "isHidden", "createdAt", "updatedAt") VALUES ('cmq0tdrwe0020hf6496el7xls', 'cmq0tdrwe001zhf64ayx8e5qk', '/images/placeholder.svg', 'IP PBX & Unified Communications', 'IP PBX والاتصالات الموحدة', '', '', 0, true, true, false, '2026-06-05 11:01:42.399'::timestamp(3), '2026-06-05 11:01:42.399'::timestamp(3));
INSERT INTO "ContentItemMedia" ("id", "itemId", "url", "altEn", "altAr", "captionEn", "captionAr", "sortOrder", "isPublished", "isCover", "isHidden", "createdAt", "updatedAt") VALUES ('cmq0tdrwg0023hf64j998g1dv', 'cmq0tdrwg0022hf6461hk63p5', '/images/placeholder.svg', 'Infrastructure Solutions', 'حلول البنية التحتية', '', '', 0, true, true, false, '2026-06-05 11:01:42.400'::timestamp(3), '2026-06-05 11:01:42.400'::timestamp(3));

-- ContentType (4 rows)
INSERT INTO "ContentType" ("id", "slug", "nameEn", "nameAr", "labelSingularEn", "labelSingularAr", "labelPluralEn", "labelPluralAr", "icon", "routePrefix", "fieldSchema", "displaySchema", "adminConfig", "sortOrder", "isEnabled", "createdAt", "updatedAt") VALUES ('cmpv9625p0001hf2w01fa4hzm', 'catalog-items', 'Catalog Items', 'عناصر الفهرس', 'Catalog item', 'عنصر', 'Catalog items', 'عناصر الفهرس', 'package', 'packages', '[{"key":"duration","type":"number","group":"pricing","compare":true,"labelEn":"Duration (days)","required":true,"compareGroup":"Pricing","compareOrder":0,"highlightDifferences":true},{"key":"price","type":"price","group":"pricing","compare":true,"labelEn":"Price","required":true,"compareGroup":"Pricing","compareOrder":10,"highlightDifferences":true},{"key":"currency","type":"text","group":"pricing","compare":true,"labelEn":"Currency","placeholder":"USD","compareGroup":"Pricing","compareOrder":20,"highlightDifferences":true},{"key":"travelDates","type":"json","group":"details","labelEn":"Travel dates (JSON array)"},{"key":"facilities","type":"json","group":"details","labelEn":"Facilities (JSON)","localized":true},{"key":"features","type":"json","group":"details","labelEn":"Features (JSON)","localized":true},{"key":"itinerary","type":"json","group":"details","labelEn":"Itinerary (JSON)","localized":true},{"key":"hotelInfo","type":"textarea","group":"details","compare":true,"labelEn":"Hotel info","localized":true,"compareGroup":"Details","compareOrder":30,"highlightDifferences":true},{"key":"airlineInfo","type":"textarea","group":"details","compare":true,"labelEn":"Airline info","localized":true,"compareGroup":"Details","compareOrder":40,"highlightDifferences":true}]'::jsonb, '{"showPrice":true,"showCategory":true,"showDuration":true}'::jsonb, '{"isComparable":true,"inquiryEnabled":true,"comparisonSettings":{"enabled":true,"maxItems":4,"comparisonMode":"hybrid"}}'::jsonb, 0, true, '2026-06-01 13:36:59.246'::timestamp(3), '2026-06-04 21:15:29.372'::timestamp(3));
INSERT INTO "ContentType" ("id", "slug", "nameEn", "nameAr", "labelSingularEn", "labelSingularAr", "labelPluralEn", "labelPluralAr", "icon", "routePrefix", "fieldSchema", "displaySchema", "adminConfig", "sortOrder", "isEnabled", "createdAt", "updatedAt") VALUES ('cmpv9625t0002hf2wcgzesujw', 'listings', 'Listings', 'قوائم', 'Listing', 'قائمة', 'Listings', 'قوائم', 'building', 'hotels-transport', '[{"key":"city","type":"select","group":"location","compare":true,"labelEn":"City","options":[{"value":"MAKKAH","labelEn":"Makkah"},{"value":"MADINAH","labelEn":"Madinah"}],"compareGroup":"Location","compareOrder":0,"highlightDifferences":true},{"key":"stars","type":"number","group":"details","compare":true,"labelEn":"Star rating","compareGroup":"Details","compareOrder":10,"highlightDifferences":true},{"key":"highlights","type":"json","group":"details","labelEn":"Highlights (JSON)","localized":true},{"key":"address","type":"textarea","group":"location","labelEn":"Address","localized":true},{"key":"distance","type":"textarea","group":"location","compare":true,"labelEn":"Distance info","localized":true,"compareGroup":"Location","compareOrder":20,"highlightDifferences":true},{"key":"amenities","type":"json","group":"details","compare":true,"labelEn":"Amenities (JSON)","localized":true,"compareGroup":"Details","compareOrder":30,"highlightDifferences":true}]'::jsonb, '{"showCity":true,"showPrice":false,"showStars":true}'::jsonb, '{"isComparable":true,"inquiryEnabled":false,"comparisonSettings":{"enabled":true,"maxItems":4,"comparisonMode":"hybrid"}}'::jsonb, 1, true, '2026-06-01 13:36:59.249'::timestamp(3), '2026-06-04 21:15:29.384'::timestamp(3));
INSERT INTO "ContentType" ("id", "slug", "nameEn", "nameAr", "labelSingularEn", "labelSingularAr", "labelPluralEn", "labelPluralAr", "icon", "routePrefix", "fieldSchema", "displaySchema", "adminConfig", "sortOrder", "isEnabled", "createdAt", "updatedAt") VALUES ('cmpv9625u0003hf2w6pjnojic', 'offerings', 'Offerings', 'عروض', 'Offering', 'عرض', 'Offerings', 'عروض', 'briefcase', 'hotels-transport', '[{"key":"offeringType","type":"select","group":"cta","compare":true,"labelEn":"Type","options":[{"value":"TRANSPORT","labelEn":"Transport"},{"value":"AIRPORT_PICKUP","labelEn":"Airport pickup"},{"value":"HOTEL","labelEn":"Hotel service"},{"value":"OTHER","labelEn":"Other"}],"compareGroup":"Cta","compareOrder":0,"highlightDifferences":true},{"key":"highlights","type":"json","group":"details","compare":true,"labelEn":"Highlights (JSON)","localized":true,"compareGroup":"Details","compareOrder":10,"highlightDifferences":true},{"key":"icon","type":"text","group":"display","labelEn":"Icon name","placeholder":"compass"},{"key":"ctaLabel","type":"text","group":"cta","compare":true,"labelEn":"CTA label","localized":true,"compareGroup":"Cta","compareOrder":20,"highlightDifferences":true},{"key":"ctaHref","type":"url","group":"cta","labelEn":"CTA link"}]'::jsonb, '{"showIcon":true,"showPrice":false}'::jsonb, '{"isComparable":true,"inquiryEnabled":false,"comparisonSettings":{"enabled":true,"maxItems":4,"comparisonMode":"hybrid"}}'::jsonb, 2, true, '2026-06-01 13:36:59.251'::timestamp(3), '2026-06-04 21:15:29.387'::timestamp(3));
INSERT INTO "ContentType" ("id", "slug", "nameEn", "nameAr", "labelSingularEn", "labelSingularAr", "labelPluralEn", "labelPluralAr", "icon", "routePrefix", "fieldSchema", "displaySchema", "adminConfig", "sortOrder", "isEnabled", "createdAt", "updatedAt") VALUES ('cmpwfc6xz0000hfl4uqgff75a', 'test-content', 'test content', 'اختبار محتوى', 'Item', 'عنصر', 'Items', 'عناصر', 'box', 'test-content', '[{"key":"field1","type":"text","group":"general","labelEn":"New field","localized":true},{"key":"field2","type":"number","group":"general","labelEn":"New field","localized":true},{"key":"field3","type":"price","group":"general","labelEn":"New field"}]'::jsonb, '{}'::jsonb, '{"inquiryEnabled":true}'::jsonb, 0, true, '2026-06-02 09:17:29.253'::timestamp(3), '2026-06-02 09:22:56.531'::timestamp(3));

-- Custom404 (2 rows)
INSERT INTO "Custom404" ("id", "locale", "titleEn", "titleAr", "bodyEn", "bodyAr", "blocks", "updatedAt") VALUES ('cmpv9628r0021hf2wt3cns8bm', 'en', '', '', '', '', '[]'::jsonb, '2026-06-05 11:01:41.536'::timestamp(3));
INSERT INTO "Custom404" ("id", "locale", "titleEn", "titleAr", "bodyEn", "bodyAr", "blocks", "updatedAt") VALUES ('cmpv9628t0022hf2w412o0vn6', 'ar', '', '', '', '', '[]'::jsonb, '2026-06-05 11:01:41.536'::timestamp(3));

-- FaqItem (6 rows)
INSERT INTO "FaqItem" ("id", "faqSetId", "questionEn", "questionAr", "answerEn", "answerAr", "sortOrder", "isPublished", "createdAt", "updatedAt") VALUES ('cmq0tdrv6000khf64t7m4n8uk', 'cmq0tdrv6000jhf644uswq4dj', 'What industries does BRT TRADING LLC serve?', 'ما القطاعات التي تخدمها BRT TRADING LLC؟', 'We serve enterprises, commercial facilities, hospitality, residential developments, and government sectors with wireless, security, and smart technology solutions.', 'نخدم المؤسسات والمرافق التجارية والضيافة والتطويرات السكنية والقطاع الحكومي بحلول لاسلكية وأمنية وتقنية ذكية.', 0, true, '2026-06-05 11:01:42.354'::timestamp(3), '2026-06-05 11:01:42.354'::timestamp(3));
INSERT INTO "FaqItem" ("id", "faqSetId", "questionEn", "questionAr", "answerEn", "answerAr", "sortOrder", "isPublished", "createdAt", "updatedAt") VALUES ('cmq0tdrv6000lhf64ho27or6v', 'cmq0tdrv6000jhf644uswq4dj', 'Do you provide ongoing support after installation?', 'هل تقدمون دعماً مستمراً بعد التركيب؟', 'Yes. We offer continuous monitoring, technical support, upgrades, and optimization services to keep systems performing at their best.', 'نعم. نقدم مراقبة مستمرة ودعماً فنياً وترقيات وخدمات تحسين لضمان أداء الأنظمة بأفضل حال.', 1, true, '2026-06-05 11:01:42.354'::timestamp(3), '2026-06-05 11:01:42.354'::timestamp(3));
INSERT INTO "FaqItem" ("id", "faqSetId", "questionEn", "questionAr", "answerEn", "answerAr", "sortOrder", "isPublished", "createdAt", "updatedAt") VALUES ('cmq0tdrv6000mhf64sots1nse', 'cmq0tdrv6000jhf644uswq4dj', 'How long does a typical project take?', 'كم تستغرق المشاريع عادةً؟', 'Project timelines vary by scope. A site survey and consultation typically lead to a detailed timeline during the design phase.', 'تختلف الجداول الزمنية حسب نطاق المشروع. عادةً يتم تحديد جدول مفصل خلال مرحلة التصميم بعد المعاينة.', 2, true, '2026-06-05 11:01:42.354'::timestamp(3), '2026-06-05 11:01:42.354'::timestamp(3));
INSERT INTO "FaqItem" ("id", "faqSetId", "questionEn", "questionAr", "answerEn", "answerAr", "sortOrder", "isPublished", "createdAt", "updatedAt") VALUES ('cmq0tdrvd000ohf64h7nwqq9t', 'cmq0tdrvd000nhf64pzu1d682', 'Which voice assistants are supported?', 'ما المساعدات الصوتية المدعومة؟', 'Our smart home solutions integrate with Amazon Alexa, Google Assistant, and Apple Siri.', 'تتكامل حلول المنزل الذكي مع Amazon Alexa وGoogle Assistant وApple Siri.', 0, true, '2026-06-05 11:01:42.361'::timestamp(3), '2026-06-05 11:01:42.361'::timestamp(3));
INSERT INTO "FaqItem" ("id", "faqSetId", "questionEn", "questionAr", "answerEn", "answerAr", "sortOrder", "isPublished", "createdAt", "updatedAt") VALUES ('cmq0tdrvd000phf64vm9nrz5r', 'cmq0tdrvd000nhf64pzu1d682', 'Can I control my home remotely?', 'هل يمكنني التحكم في منزلي عن بُعد؟', 'Yes. Monitor and manage lighting, climate, security, and devices from your smartphone, tablet, or voice commands.', 'نعم. راقب وأدر الإضاءة والمناخ والأمن والأجهزة من هاتفك أو جهازك اللوحي أو الأوامر الصوتية.', 1, true, '2026-06-05 11:01:42.361'::timestamp(3), '2026-06-05 11:01:42.361'::timestamp(3));
INSERT INTO "FaqItem" ("id", "faqSetId", "questionEn", "questionAr", "answerEn", "answerAr", "sortOrder", "isPublished", "createdAt", "updatedAt") VALUES ('cmq0tdrvg000rhf647lslusoc', 'cmq0tdrvg000qhf648rfl3owb', 'What security systems do you install?', 'ما أنظمة الأمن التي تركبونها؟', 'CCTV surveillance, access control, smart locks, video analytics, motion detection, and integrated security platforms.', 'أنظمة CCTV والتحكم في الوصول والأقفال الذكية وتحليلات الفيديو وكشف الحركة ومنصات أمن متكاملة.', 0, true, '2026-06-05 11:01:42.364'::timestamp(3), '2026-06-05 11:01:42.364'::timestamp(3));

-- FaqSet (3 rows)
INSERT INTO "FaqSet" ("id", "slug", "titleEn", "titleAr", "excerptEn", "excerptAr", "descriptionEn", "descriptionAr", "sortOrder", "isPublished", "createdAt", "updatedAt") VALUES ('cmq0tdrv6000jhf644uswq4dj', 'general', 'General FAQ', 'الأسئلة الشائعة', NULL, NULL, '', '', 0, true, '2026-06-05 11:01:42.354'::timestamp(3), '2026-06-05 11:01:42.354'::timestamp(3));
INSERT INTO "FaqSet" ("id", "slug", "titleEn", "titleAr", "excerptEn", "excerptAr", "descriptionEn", "descriptionAr", "sortOrder", "isPublished", "createdAt", "updatedAt") VALUES ('cmq0tdrvd000nhf64pzu1d682', 'smart-home', 'Smart Home FAQ', 'أسئلة المنزل الذكي', NULL, NULL, '', '', 0, true, '2026-06-05 11:01:42.361'::timestamp(3), '2026-06-05 11:01:42.361'::timestamp(3));
INSERT INTO "FaqSet" ("id", "slug", "titleEn", "titleAr", "excerptEn", "excerptAr", "descriptionEn", "descriptionAr", "sortOrder", "isPublished", "createdAt", "updatedAt") VALUES ('cmq0tdrvg000qhf648rfl3owb', 'security', 'Security FAQ', 'أسئلة الأمن', NULL, NULL, '', '', 0, true, '2026-06-05 11:01:42.364'::timestamp(3), '2026-06-05 11:01:42.364'::timestamp(3));

-- FormTemplate (1 rows)
INSERT INTO "FormTemplate" ("id", "name", "slug", "category", "description", "definition", "isPublished", "createdAt", "updatedAt") VALUES ('cmq0tdrv3000ihf64qf8zdxzy', 'BRT Contact Form', 'brt-contact', 'CONTACT', NULL, '{"fields":[{"id":"name","type":"text","labelAr":"الاسم الكامل","labelEn":"Full Name","required":true},{"id":"email","type":"email","labelAr":"البريد الإلكتروني","labelEn":"Email","required":true},{"id":"phone","type":"phone","labelAr":"الهاتف","labelEn":"Phone","required":false},{"id":"service","type":"select","labelAr":"الخدمة المطلوبة","labelEn":"Service Interest","options":[{"value":"wireless","labelAr":"شبكة لاسلكية","labelEn":"Enterprise Wireless"},{"value":"security","labelAr":"الأمن","labelEn":"Security"},{"value":"smarthome","labelAr":"المنزل الذكي","labelEn":"Smart Home"},{"value":"iot","labelAr":"إنترنت الأشياء","labelEn":"IoT"}],"required":false},{"id":"message","type":"textarea","labelAr":"الرسالة","labelEn":"Message","required":true}]}'::jsonb, true, '2026-06-05 11:01:42.351'::timestamp(3), '2026-06-05 11:01:42.351'::timestamp(3));

-- Gallery (1 rows)
INSERT INTO "Gallery" ("id", "slug", "titleEn", "titleAr", "excerptEn", "excerptAr", "descriptionEn", "descriptionAr", "infoEn", "infoAr", "coverUrl", "sortOrder", "isPublished", "createdAt", "updatedAt") VALUES ('cmq0tdrvs0016hf64pm8tg4pa', 'brt-projects', 'Project Gallery', 'معرض المشاريع', NULL, NULL, '', '', NULL, NULL, NULL, 0, true, '2026-06-05 11:01:42.376'::timestamp(3), '2026-06-05 11:01:42.376'::timestamp(3));

-- GalleryMedia (12 rows)
INSERT INTO "GalleryMedia" ("id", "galleryId", "titleEn", "titleAr", "excerptEn", "excerptAr", "descriptionEn", "descriptionAr", "infoEn", "infoAr", "mediaUrl", "mediaKind", "sortOrder", "isPublished", "createdAt", "updatedAt") VALUES ('cmq0tdrvs0017hf64b75l21u2', 'cmq0tdrvs0016hf64pm8tg4pa', 'Enterprise Wireless Deployment', 'نشر شبكة لاسلكية', NULL, NULL, '', '', NULL, NULL, '/images/placeholder.svg', 'IMAGE', 0, true, '2026-06-05 11:01:42.376'::timestamp(3), '2026-06-05 11:01:42.376'::timestamp(3));
INSERT INTO "GalleryMedia" ("id", "galleryId", "titleEn", "titleAr", "excerptEn", "excerptAr", "descriptionEn", "descriptionAr", "infoEn", "infoAr", "mediaUrl", "mediaKind", "sortOrder", "isPublished", "createdAt", "updatedAt") VALUES ('cmq0tdrvs0018hf64cgen5j9u', 'cmq0tdrvs0016hf64pm8tg4pa', 'Smart Home Automation', 'أتمتة المنزل الذكي', NULL, NULL, '', '', NULL, NULL, '/images/placeholder.svg', 'IMAGE', 1, true, '2026-06-05 11:01:42.376'::timestamp(3), '2026-06-05 11:01:42.376'::timestamp(3));
INSERT INTO "GalleryMedia" ("id", "galleryId", "titleEn", "titleAr", "excerptEn", "excerptAr", "descriptionEn", "descriptionAr", "infoEn", "infoAr", "mediaUrl", "mediaKind", "sortOrder", "isPublished", "createdAt", "updatedAt") VALUES ('cmq0tdrvs0019hf64n3k45aeu', 'cmq0tdrvs0016hf64pm8tg4pa', 'Security Surveillance', 'مراقبة أمنية', NULL, NULL, '', '', NULL, NULL, '/images/placeholder.svg', 'IMAGE', 2, true, '2026-06-05 11:01:42.376'::timestamp(3), '2026-06-05 11:01:42.376'::timestamp(3));
INSERT INTO "GalleryMedia" ("id", "galleryId", "titleEn", "titleAr", "excerptEn", "excerptAr", "descriptionEn", "descriptionAr", "infoEn", "infoAr", "mediaUrl", "mediaKind", "sortOrder", "isPublished", "createdAt", "updatedAt") VALUES ('cmq0tdrvs001ahf64xkkqhta4', 'cmq0tdrvs0016hf64pm8tg4pa', 'IoT Sensor Network', 'شبكة مستشعرات', NULL, NULL, '', '', NULL, NULL, '/images/placeholder.svg', 'IMAGE', 3, true, '2026-06-05 11:01:42.376'::timestamp(3), '2026-06-05 11:01:42.376'::timestamp(3));
INSERT INTO "GalleryMedia" ("id", "galleryId", "titleEn", "titleAr", "excerptEn", "excerptAr", "descriptionEn", "descriptionAr", "infoEn", "infoAr", "mediaUrl", "mediaKind", "sortOrder", "isPublished", "createdAt", "updatedAt") VALUES ('cmq0tdrvs001bhf646l32rcpk', 'cmq0tdrvs0016hf64pm8tg4pa', 'Indoor Coverage', 'تغطية داخلية', NULL, NULL, '', '', NULL, NULL, '/images/placeholder.svg', 'IMAGE', 4, true, '2026-06-05 11:01:42.376'::timestamp(3), '2026-06-05 11:01:42.376'::timestamp(3));
INSERT INTO "GalleryMedia" ("id", "galleryId", "titleEn", "titleAr", "excerptEn", "excerptAr", "descriptionEn", "descriptionAr", "infoEn", "infoAr", "mediaUrl", "mediaKind", "sortOrder", "isPublished", "createdAt", "updatedAt") VALUES ('cmq0tdrvs001chf64p4f71xzl', 'cmq0tdrvs0016hf64pm8tg4pa', 'IP PBX System', 'نظام IP PBX', NULL, NULL, '', '', NULL, NULL, '/images/placeholder.svg', 'IMAGE', 5, true, '2026-06-05 11:01:42.376'::timestamp(3), '2026-06-05 11:01:42.376'::timestamp(3));
INSERT INTO "GalleryMedia" ("id", "galleryId", "titleEn", "titleAr", "excerptEn", "excerptAr", "descriptionEn", "descriptionAr", "infoEn", "infoAr", "mediaUrl", "mediaKind", "sortOrder", "isPublished", "createdAt", "updatedAt") VALUES ('cmq0tdrvs001dhf64q7sxegwn', 'cmq0tdrvs0016hf64pm8tg4pa', 'Network Infrastructure', 'بنية شبكة', NULL, NULL, '', '', NULL, NULL, '/images/placeholder.svg', 'IMAGE', 6, true, '2026-06-05 11:01:42.376'::timestamp(3), '2026-06-05 11:01:42.376'::timestamp(3));
INSERT INTO "GalleryMedia" ("id", "galleryId", "titleEn", "titleAr", "excerptEn", "excerptAr", "descriptionEn", "descriptionAr", "infoEn", "infoAr", "mediaUrl", "mediaKind", "sortOrder", "isPublished", "createdAt", "updatedAt") VALUES ('cmq0tdrvs001ehf64m8qtoznm', 'cmq0tdrvs0016hf64pm8tg4pa', 'Smart Lock Integration', 'أقفال ذكية', NULL, NULL, '', '', NULL, NULL, '/images/placeholder.svg', 'IMAGE', 7, true, '2026-06-05 11:01:42.376'::timestamp(3), '2026-06-05 11:01:42.376'::timestamp(3));
INSERT INTO "GalleryMedia" ("id", "galleryId", "titleEn", "titleAr", "excerptEn", "excerptAr", "descriptionEn", "descriptionAr", "infoEn", "infoAr", "mediaUrl", "mediaKind", "sortOrder", "isPublished", "createdAt", "updatedAt") VALUES ('cmq0tdrvs001fhf64oiouufh5', 'cmq0tdrvs0016hf64pm8tg4pa', 'CCTV Analytics', 'تحليلات CCTV', NULL, NULL, '', '', NULL, NULL, '/images/placeholder.svg', 'IMAGE', 8, true, '2026-06-05 11:01:42.376'::timestamp(3), '2026-06-05 11:01:42.376'::timestamp(3));
INSERT INTO "GalleryMedia" ("id", "galleryId", "titleEn", "titleAr", "excerptEn", "excerptAr", "descriptionEn", "descriptionAr", "infoEn", "infoAr", "mediaUrl", "mediaKind", "sortOrder", "isPublished", "createdAt", "updatedAt") VALUES ('cmq0tdrvs001ghf6401bnduz6', 'cmq0tdrvs0016hf64pm8tg4pa', 'Building Automation', 'أتمتة المباني', NULL, NULL, '', '', NULL, NULL, '/images/placeholder.svg', 'IMAGE', 9, true, '2026-06-05 11:01:42.376'::timestamp(3), '2026-06-05 11:01:42.376'::timestamp(3));
INSERT INTO "GalleryMedia" ("id", "galleryId", "titleEn", "titleAr", "excerptEn", "excerptAr", "descriptionEn", "descriptionAr", "infoEn", "infoAr", "mediaUrl", "mediaKind", "sortOrder", "isPublished", "createdAt", "updatedAt") VALUES ('cmq0tdrvs001hhf64saydiijb', 'cmq0tdrvs0016hf64pm8tg4pa', 'Voice Assistant Setup', 'مساعد صوتي', NULL, NULL, '', '', NULL, NULL, '/images/placeholder.svg', 'IMAGE', 10, true, '2026-06-05 11:01:42.376'::timestamp(3), '2026-06-05 11:01:42.376'::timestamp(3));
INSERT INTO "GalleryMedia" ("id", "galleryId", "titleEn", "titleAr", "excerptEn", "excerptAr", "descriptionEn", "descriptionAr", "infoEn", "infoAr", "mediaUrl", "mediaKind", "sortOrder", "isPublished", "createdAt", "updatedAt") VALUES ('cmq0tdrvs001ihf64mfnawt59', 'cmq0tdrvs0016hf64pm8tg4pa', 'Energy Management', 'إدارة الطاقة', NULL, NULL, '', '', NULL, NULL, '/images/placeholder.svg', 'IMAGE', 11, true, '2026-06-05 11:01:42.376'::timestamp(3), '2026-06-05 11:01:42.376'::timestamp(3));

-- JsonStore (14 rows)
INSERT INTO "JsonStore" ("id", "namespace", "key", "data", "version", "createdAt", "updatedAt") VALUES ('cmpwnoz4r000nhfesvci156mx', 'personalization', 'settings', '{"enabled":true,"presets":[{"id":"networking","visibleToUsers":false},{"id":"gaming","visibleToUsers":false},{"id":"sports","visibleToUsers":false},{"id":"luxury","visibleToUsers":true},{"id":"medical","visibleToUsers":true},{"id":"agency","visibleToUsers":true},{"id":"restaurant","visibleToUsers":false},{"id":"education","visibleToUsers":false},{"id":"realestate","visibleToUsers":false},{"id":"finance","visibleToUsers":true},{"id":"fashion","visibleToUsers":false},{"id":"saas","visibleToUsers":true},{"id":"automotive","visibleToUsers":false},{"id":"travel","visibleToUsers":true},{"id":"enterprise-wifi","visibleToUsers":false},{"id":"wireless-isp","visibleToUsers":false},{"id":"datacenter","visibleToUsers":false},{"id":"smart-home","visibleToUsers":false},{"id":"telecom","visibleToUsers":false},{"id":"brt","visibleToUsers":false}],"position":"bottom-start","widgetSections":{"showStyle":true,"showBackToTop":true,"showAppearance":true,"showFabThemeToggle":true}}'::jsonb, 3, '2026-06-02 13:11:22.587'::timestamp(3), '2026-06-04 09:58:07.328'::timestamp(3));
INSERT INTO "JsonStore" ("id", "namespace", "key", "data", "version", "createdAt", "updatedAt") VALUES ('cmpwp7h8w0000hfyst0whe5u3', 'preview-tokens', 'f20ff027f653253e85e575af35e1fee495ac1a7b3fb821de', '{"slug":"home","blocks":[{"id":"block-1780321018964-o7gjykp","seo":{},"type":"hero","props":{"ctaHref":"/packages","titleAr":"رحلتك المقدسة، برعاية واهتمام","titleEn":"Your Sacred Journey, Guided with Care","imageUrl":"","ctaLabelAr":"استكشف الباقات","ctaLabelEn":"Explore Packages","subtitleAr":"باقات عمرة فاخرة وخدمات سفر إسلامية — مُعدّة بإخلاص، ومُقدَّمة بتميز.","subtitleEn":"Premium Umrah packages and Islamic travel services — crafted with devotion, delivered with excellence.","mediaAssetId":"","headerOverlay":{"enabled":true,"surface":"solid","paddingTop":"calc(15px + 0px)","contentInset":"auto"}},"styles":{},"version":"2.0","settings":{"ctaHref":"/packages","titleAr":"رحلتك المقدسة، برعاية واهتمام","titleEn":"Your Sacred Journey, Guided with Care","imageUrl":"","ctaLabelAr":"استكشف الباقات","ctaLabelEn":"Explore Packages","subtitleAr":"باقات عمرة فاخرة وخدمات سفر إسلامية — مُعدّة بإخلاص، ومُقدَّمة بتميز.","subtitleEn":"Premium Umrah packages and Islamic travel services — crafted with devotion, delivered with excellence.","mediaAssetId":"","headerOverlay":{"enabled":true,"surface":"solid","paddingTop":"calc(15px + 0px)","contentInset":"auto"}},"animation":{"scroll":{"type":"zoom"},"enabled":true,"entrance":{"type":"fade"}},"responsive":{},"visibility":{},"localization":{}},{"id":"block-1780321018964-j6zrn3c","seo":{},"type":"catalog","props":{"city":"","limit":6,"source":"packages","titleAr":"باقات العمرة المميزة","titleEn":"Featured Umrah Packages","manualIds":[],"subtitleAr":"رحلات مختارة لكل حاج — من الراحة الأساسية إلى الفخامة الملكية.","subtitleEn":"Handpicked journeys for every pilgrim — from essential comfort to royal luxury.","serviceType":"","viewAllHref":"","categorySlug":"","featuredOnly":false,"emptyMessageAr":"","emptyMessageEn":"","displaySettings":{"limit":6,"columns":3,"autoplay":false,"showCity":true,"showIcon":true,"showPrice":true,"showStars":true,"layoutMode":"grid","cardVariant":"default","showExcerpt":true,"showCategory":true,"showDuration":true,"showViewAllLink":true,"autoplayIntervalMs":5000}},"styles":{},"version":"2.0","settings":{"city":"","limit":6,"source":"packages","titleAr":"باقات العمرة المميزة","titleEn":"Featured Umrah Packages","manualIds":[],"subtitleAr":"رحلات مختارة لكل حاج — من الراحة الأساسية إلى الفخامة الملكية.","subtitleEn":"Handpicked journeys for every pilgrim — from essential comfort to royal luxury.","serviceType":"","viewAllHref":"","categorySlug":"","featuredOnly":false,"emptyMessageAr":"","emptyMessageEn":"","displaySettings":{"limit":6,"columns":3,"autoplay":false,"showCity":true,"showIcon":true,"showPrice":true,"showStars":true,"layoutMode":"grid","cardVariant":"default","showExcerpt":true,"showCategory":true,"showDuration":true,"showViewAllLink":true,"autoplayIntervalMs":5000}},"animation":{"enabled":false},"responsive":{},"visibility":{},"localization":{}},{"id":"block-1780321018964-r3mrvzt","seo":{},"type":"testimonials","props":{"limit":3,"source":"collection","columns":3,"titleAr":"قصص الحجاج","titleEn":"Pilgrim Stories","autoplay":false,"layoutMode":"grid","subtitleAr":"استمع إلى من سافروا معنا.","subtitleEn":"Hear from those who traveled with us.","cardVariant":"default","sliderEnabled":false,"testimonialIds":[],"showViewAllLink":true,"autoplayIntervalMs":5000,"testimonialCollectionSlug":"home"},"styles":{},"version":"2.0","settings":{"limit":3,"source":"collection","columns":3,"titleAr":"قصص الحجاج","titleEn":"Pilgrim Stories","autoplay":false,"layoutMode":"grid","subtitleAr":"استمع إلى من سافروا معنا.","subtitleEn":"Hear from those who traveled with us.","cardVariant":"default","sliderEnabled":false,"testimonialIds":[],"showViewAllLink":true,"autoplayIntervalMs":5000,"testimonialCollectionSlug":"home"},"animation":{"enabled":false},"responsive":{},"visibility":{},"localization":{}},{"id":"block-1780321018964-bcjbsen","seo":{},"type":"cta","props":{"href":"/contact","titleAr":"ابدأ رحلتك المقدسة","titleEn":"Begin Your Sacred Journey","buttonAr":"تواصل معنا","buttonEn":"Get in Touch"},"styles":{},"version":"2.0","settings":{"href":"/contact","titleAr":"ابدأ رحلتك المقدسة","titleEn":"Begin Your Sacred Journey","buttonAr":"تواصل معنا","buttonEn":"Get in Touch"},"animation":{"enabled":false},"responsive":{},"visibility":{},"localization":{}}],"locale":"en","pageId":"cmpv9628a001shf2w4z2l68c6","titleAr":"الرئيسية","titleEn":"Home","expiresAt":"2026-06-02T14:53:45.483Z"}'::jsonb, 1, '2026-06-02 13:53:45.487'::timestamp(3), '2026-06-02 13:53:45.487'::timestamp(3));
INSERT INTO "JsonStore" ("id", "namespace", "key", "data", "version", "createdAt", "updatedAt") VALUES ('cmpwp7h8x0001hfys2o9mgfs6', 'preview-tokens', '99f3861d84613f6d1d78b9455b99c551c3569548be3bca2d', '{"slug":"home","blocks":[{"id":"block-1780321018964-o7gjykp","seo":{},"type":"hero","props":{"ctaHref":"/packages","titleAr":"رحلتك المقدسة، برعاية واهتمام","titleEn":"Your Sacred Journey, Guided with Care","imageUrl":"","ctaLabelAr":"استكشف الباقات","ctaLabelEn":"Explore Packages","subtitleAr":"باقات عمرة فاخرة وخدمات سفر إسلامية — مُعدّة بإخلاص، ومُقدَّمة بتميز.","subtitleEn":"Premium Umrah packages and Islamic travel services — crafted with devotion, delivered with excellence.","mediaAssetId":"","headerOverlay":{"enabled":true,"surface":"solid","paddingTop":"calc(15px + 0px)","contentInset":"auto"}},"styles":{},"version":"2.0","settings":{"ctaHref":"/packages","titleAr":"رحلتك المقدسة، برعاية واهتمام","titleEn":"Your Sacred Journey, Guided with Care","imageUrl":"","ctaLabelAr":"استكشف الباقات","ctaLabelEn":"Explore Packages","subtitleAr":"باقات عمرة فاخرة وخدمات سفر إسلامية — مُعدّة بإخلاص، ومُقدَّمة بتميز.","subtitleEn":"Premium Umrah packages and Islamic travel services — crafted with devotion, delivered with excellence.","mediaAssetId":"","headerOverlay":{"enabled":true,"surface":"solid","paddingTop":"calc(15px + 0px)","contentInset":"auto"}},"animation":{"scroll":{"type":"zoom"},"enabled":true,"entrance":{"type":"fade"}},"responsive":{},"visibility":{},"localization":{}},{"id":"block-1780321018964-j6zrn3c","seo":{},"type":"catalog","props":{"city":"","limit":6,"source":"packages","titleAr":"باقات العمرة المميزة","titleEn":"Featured Umrah Packages","manualIds":[],"subtitleAr":"رحلات مختارة لكل حاج — من الراحة الأساسية إلى الفخامة الملكية.","subtitleEn":"Handpicked journeys for every pilgrim — from essential comfort to royal luxury.","serviceType":"","viewAllHref":"","categorySlug":"","featuredOnly":false,"emptyMessageAr":"","emptyMessageEn":"","displaySettings":{"limit":6,"columns":3,"autoplay":false,"showCity":true,"showIcon":true,"showPrice":true,"showStars":true,"layoutMode":"grid","cardVariant":"default","showExcerpt":true,"showCategory":true,"showDuration":true,"showViewAllLink":true,"autoplayIntervalMs":5000}},"styles":{},"version":"2.0","settings":{"city":"","limit":6,"source":"packages","titleAr":"باقات العمرة المميزة","titleEn":"Featured Umrah Packages","manualIds":[],"subtitleAr":"رحلات مختارة لكل حاج — من الراحة الأساسية إلى الفخامة الملكية.","subtitleEn":"Handpicked journeys for every pilgrim — from essential comfort to royal luxury.","serviceType":"","viewAllHref":"","categorySlug":"","featuredOnly":false,"emptyMessageAr":"","emptyMessageEn":"","displaySettings":{"limit":6,"columns":3,"autoplay":false,"showCity":true,"showIcon":true,"showPrice":true,"showStars":true,"layoutMode":"grid","cardVariant":"default","showExcerpt":true,"showCategory":true,"showDuration":true,"showViewAllLink":true,"autoplayIntervalMs":5000}},"animation":{"enabled":false},"responsive":{},"visibility":{},"localization":{}},{"id":"block-1780321018964-r3mrvzt","seo":{},"type":"testimonials","props":{"limit":3,"source":"collection","columns":3,"titleAr":"قصص الحجاج","titleEn":"Pilgrim Stories","autoplay":false,"layoutMode":"grid","subtitleAr":"استمع إلى من سافروا معنا.","subtitleEn":"Hear from those who traveled with us.","cardVariant":"default","sliderEnabled":false,"testimonialIds":[],"showViewAllLink":true,"autoplayIntervalMs":5000,"testimonialCollectionSlug":"home"},"styles":{},"version":"2.0","settings":{"limit":3,"source":"collection","columns":3,"titleAr":"قصص الحجاج","titleEn":"Pilgrim Stories","autoplay":false,"layoutMode":"grid","subtitleAr":"استمع إلى من سافروا معنا.","subtitleEn":"Hear from those who traveled with us.","cardVariant":"default","sliderEnabled":false,"testimonialIds":[],"showViewAllLink":true,"autoplayIntervalMs":5000,"testimonialCollectionSlug":"home"},"animation":{"enabled":false},"responsive":{},"visibility":{},"localization":{}},{"id":"block-1780321018964-bcjbsen","seo":{},"type":"cta","props":{"href":"/contact","titleAr":"ابدأ رحلتك المقدسة","titleEn":"Begin Your Sacred Journey","buttonAr":"تواصل معنا","buttonEn":"Get in Touch"},"styles":{},"version":"2.0","settings":{"href":"/contact","titleAr":"ابدأ رحلتك المقدسة","titleEn":"Begin Your Sacred Journey","buttonAr":"تواصل معنا","buttonEn":"Get in Touch"},"animation":{"enabled":false},"responsive":{},"visibility":{},"localization":{}}],"locale":"en","pageId":"cmpv9628a001shf2w4z2l68c6","titleAr":"الرئيسية","titleEn":"Home","expiresAt":"2026-06-02T14:53:45.485Z"}'::jsonb, 1, '2026-06-02 13:53:45.489'::timestamp(3), '2026-06-02 13:53:45.489'::timestamp(3));
INSERT INTO "JsonStore" ("id", "namespace", "key", "data", "version", "createdAt", "updatedAt") VALUES ('cmpwp7h9g0002hfys4wu0avzi', 'preview-tokens', '6665c7d196724132a7cff412cb6cccb4e67c40d08fdfb0af', '{"slug":"home","blocks":[{"id":"block-1780321018964-o7gjykp","seo":{},"type":"hero","props":{"ctaHref":"/packages","titleAr":"رحلتك المقدسة، برعاية واهتمام","titleEn":"Your Sacred Journey, Guided with Care","imageUrl":"","ctaLabelAr":"استكشف الباقات","ctaLabelEn":"Explore Packages","subtitleAr":"باقات عمرة فاخرة وخدمات سفر إسلامية — مُعدّة بإخلاص، ومُقدَّمة بتميز.","subtitleEn":"Premium Umrah packages and Islamic travel services — crafted with devotion, delivered with excellence.","mediaAssetId":"","headerOverlay":{"enabled":true,"surface":"solid","paddingTop":"calc(15px + 0px)","contentInset":"auto"}},"styles":{},"version":"2.0","settings":{"ctaHref":"/packages","titleAr":"رحلتك المقدسة، برعاية واهتمام","titleEn":"Your Sacred Journey, Guided with Care","imageUrl":"","ctaLabelAr":"استكشف الباقات","ctaLabelEn":"Explore Packages","subtitleAr":"باقات عمرة فاخرة وخدمات سفر إسلامية — مُعدّة بإخلاص، ومُقدَّمة بتميز.","subtitleEn":"Premium Umrah packages and Islamic travel services — crafted with devotion, delivered with excellence.","mediaAssetId":"","headerOverlay":{"enabled":true,"surface":"solid","paddingTop":"calc(15px + 0px)","contentInset":"auto"}},"animation":{"scroll":{"type":"zoom"},"enabled":true,"entrance":{"type":"fade"}},"responsive":{},"visibility":{},"localization":{}},{"id":"block-1780321018964-j6zrn3c","seo":{},"type":"catalog","props":{"city":"","limit":6,"source":"packages","titleAr":"باقات العمرة المميزة","titleEn":"Featured Umrah Packages","manualIds":[],"subtitleAr":"رحلات مختارة لكل حاج — من الراحة الأساسية إلى الفخامة الملكية.","subtitleEn":"Handpicked journeys for every pilgrim — from essential comfort to royal luxury.","serviceType":"","viewAllHref":"","categorySlug":"","featuredOnly":false,"emptyMessageAr":"","emptyMessageEn":"","displaySettings":{"limit":6,"columns":3,"autoplay":false,"showCity":true,"showIcon":true,"showPrice":true,"showStars":true,"layoutMode":"grid","cardVariant":"default","showExcerpt":true,"showCategory":true,"showDuration":true,"showViewAllLink":true,"autoplayIntervalMs":5000}},"styles":{},"version":"2.0","settings":{"city":"","limit":6,"source":"packages","titleAr":"باقات العمرة المميزة","titleEn":"Featured Umrah Packages","manualIds":[],"subtitleAr":"رحلات مختارة لكل حاج — من الراحة الأساسية إلى الفخامة الملكية.","subtitleEn":"Handpicked journeys for every pilgrim — from essential comfort to royal luxury.","serviceType":"","viewAllHref":"","categorySlug":"","featuredOnly":false,"emptyMessageAr":"","emptyMessageEn":"","displaySettings":{"limit":6,"columns":3,"autoplay":false,"showCity":true,"showIcon":true,"showPrice":true,"showStars":true,"layoutMode":"grid","cardVariant":"default","showExcerpt":true,"showCategory":true,"showDuration":true,"showViewAllLink":true,"autoplayIntervalMs":5000}},"animation":{"enabled":false},"responsive":{},"visibility":{},"localization":{}},{"id":"block-1780321018964-r3mrvzt","seo":{},"type":"testimonials","props":{"limit":3,"source":"collection","columns":3,"titleAr":"قصص الحجاج","titleEn":"Pilgrim Stories","autoplay":false,"layoutMode":"grid","subtitleAr":"استمع إلى من سافروا معنا.","subtitleEn":"Hear from those who traveled with us.","cardVariant":"default","sliderEnabled":false,"testimonialIds":[],"showViewAllLink":true,"autoplayIntervalMs":5000,"testimonialCollectionSlug":"home"},"styles":{},"version":"2.0","settings":{"limit":3,"source":"collection","columns":3,"titleAr":"قصص الحجاج","titleEn":"Pilgrim Stories","autoplay":false,"layoutMode":"grid","subtitleAr":"استمع إلى من سافروا معنا.","subtitleEn":"Hear from those who traveled with us.","cardVariant":"default","sliderEnabled":false,"testimonialIds":[],"showViewAllLink":true,"autoplayIntervalMs":5000,"testimonialCollectionSlug":"home"},"animation":{"enabled":false},"responsive":{},"visibility":{},"localization":{}},{"id":"block-1780321018964-bcjbsen","seo":{},"type":"cta","props":{"href":"/contact","titleAr":"ابدأ رحلتك المقدسة","titleEn":"Begin Your Sacred Journey","buttonAr":"تواصل معنا","buttonEn":"Get in Touch"},"styles":{},"version":"2.0","settings":{"href":"/contact","titleAr":"ابدأ رحلتك المقدسة","titleEn":"Begin Your Sacred Journey","buttonAr":"تواصل معنا","buttonEn":"Get in Touch"},"animation":{"enabled":false},"responsive":{},"visibility":{},"localization":{}}],"locale":"en","pageId":"cmpv9628a001shf2w4z2l68c6","titleAr":"الرئيسية","titleEn":"Home","expiresAt":"2026-06-02T14:53:45.505Z"}'::jsonb, 1, '2026-06-02 13:53:45.508'::timestamp(3), '2026-06-02 13:53:45.508'::timestamp(3));
INSERT INTO "JsonStore" ("id", "namespace", "key", "data", "version", "createdAt", "updatedAt") VALUES ('cmpwp7h9h0003hfysjri8euj6', 'preview-tokens', '1da6a4629c7599736d0430f98431726fbeb8644356b3cec7', '{"slug":"home","blocks":[{"id":"block-1780321018964-o7gjykp","seo":{},"type":"hero","props":{"ctaHref":"/packages","titleAr":"رحلتك المقدسة، برعاية واهتمام","titleEn":"Your Sacred Journey, Guided with Care","imageUrl":"","ctaLabelAr":"استكشف الباقات","ctaLabelEn":"Explore Packages","subtitleAr":"باقات عمرة فاخرة وخدمات سفر إسلامية — مُعدّة بإخلاص، ومُقدَّمة بتميز.","subtitleEn":"Premium Umrah packages and Islamic travel services — crafted with devotion, delivered with excellence.","mediaAssetId":"","headerOverlay":{"enabled":true,"surface":"solid","paddingTop":"calc(15px + 0px)","contentInset":"auto"}},"styles":{},"version":"2.0","settings":{"ctaHref":"/packages","titleAr":"رحلتك المقدسة، برعاية واهتمام","titleEn":"Your Sacred Journey, Guided with Care","imageUrl":"","ctaLabelAr":"استكشف الباقات","ctaLabelEn":"Explore Packages","subtitleAr":"باقات عمرة فاخرة وخدمات سفر إسلامية — مُعدّة بإخلاص، ومُقدَّمة بتميز.","subtitleEn":"Premium Umrah packages and Islamic travel services — crafted with devotion, delivered with excellence.","mediaAssetId":"","headerOverlay":{"enabled":true,"surface":"solid","paddingTop":"calc(15px + 0px)","contentInset":"auto"}},"animation":{"scroll":{"type":"zoom"},"enabled":true,"entrance":{"type":"fade"}},"responsive":{},"visibility":{},"localization":{}},{"id":"block-1780321018964-j6zrn3c","seo":{},"type":"catalog","props":{"city":"","limit":6,"source":"packages","titleAr":"باقات العمرة المميزة","titleEn":"Featured Umrah Packages","manualIds":[],"subtitleAr":"رحلات مختارة لكل حاج — من الراحة الأساسية إلى الفخامة الملكية.","subtitleEn":"Handpicked journeys for every pilgrim — from essential comfort to royal luxury.","serviceType":"","viewAllHref":"","categorySlug":"","featuredOnly":false,"emptyMessageAr":"","emptyMessageEn":"","displaySettings":{"limit":6,"columns":3,"autoplay":false,"showCity":true,"showIcon":true,"showPrice":true,"showStars":true,"layoutMode":"grid","cardVariant":"default","showExcerpt":true,"showCategory":true,"showDuration":true,"showViewAllLink":true,"autoplayIntervalMs":5000}},"styles":{},"version":"2.0","settings":{"city":"","limit":6,"source":"packages","titleAr":"باقات العمرة المميزة","titleEn":"Featured Umrah Packages","manualIds":[],"subtitleAr":"رحلات مختارة لكل حاج — من الراحة الأساسية إلى الفخامة الملكية.","subtitleEn":"Handpicked journeys for every pilgrim — from essential comfort to royal luxury.","serviceType":"","viewAllHref":"","categorySlug":"","featuredOnly":false,"emptyMessageAr":"","emptyMessageEn":"","displaySettings":{"limit":6,"columns":3,"autoplay":false,"showCity":true,"showIcon":true,"showPrice":true,"showStars":true,"layoutMode":"grid","cardVariant":"default","showExcerpt":true,"showCategory":true,"showDuration":true,"showViewAllLink":true,"autoplayIntervalMs":5000}},"animation":{"enabled":false},"responsive":{},"visibility":{},"localization":{}},{"id":"block-1780321018964-r3mrvzt","seo":{},"type":"testimonials","props":{"limit":3,"source":"collection","columns":3,"titleAr":"قصص الحجاج","titleEn":"Pilgrim Stories","autoplay":false,"layoutMode":"grid","subtitleAr":"استمع إلى من سافروا معنا.","subtitleEn":"Hear from those who traveled with us.","cardVariant":"default","sliderEnabled":false,"testimonialIds":[],"showViewAllLink":true,"autoplayIntervalMs":5000,"testimonialCollectionSlug":"home"},"styles":{},"version":"2.0","settings":{"limit":3,"source":"collection","columns":3,"titleAr":"قصص الحجاج","titleEn":"Pilgrim Stories","autoplay":false,"layoutMode":"grid","subtitleAr":"استمع إلى من سافروا معنا.","subtitleEn":"Hear from those who traveled with us.","cardVariant":"default","sliderEnabled":false,"testimonialIds":[],"showViewAllLink":true,"autoplayIntervalMs":5000,"testimonialCollectionSlug":"home"},"animation":{"enabled":false},"responsive":{},"visibility":{},"localization":{}},{"id":"block-1780321018964-bcjbsen","seo":{},"type":"cta","props":{"href":"/contact","titleAr":"ابدأ رحلتك المقدسة","titleEn":"Begin Your Sacred Journey","buttonAr":"تواصل معنا","buttonEn":"Get in Touch"},"styles":{},"version":"2.0","settings":{"href":"/contact","titleAr":"ابدأ رحلتك المقدسة","titleEn":"Begin Your Sacred Journey","buttonAr":"تواصل معنا","buttonEn":"Get in Touch"},"animation":{"enabled":false},"responsive":{},"visibility":{},"localization":{}}],"locale":"en","pageId":"cmpv9628a001shf2w4z2l68c6","titleAr":"الرئيسية","titleEn":"Home","expiresAt":"2026-06-02T14:53:45.507Z"}'::jsonb, 1, '2026-06-02 13:53:45.510'::timestamp(3), '2026-06-02 13:53:45.510'::timestamp(3));
INSERT INTO "JsonStore" ("id", "namespace", "key", "data", "version", "createdAt", "updatedAt") VALUES ('cmpwp7r430004hfys07jtezk9', 'preview-tokens', '327abab096951d60f6891156663cc540eb1d0cfc5a6fd7ed', '{"slug":"hotels-transport","blocks":[{"id":"block-1780321018964-rtxghxw","type":"hero","props":{"titleAr":"الفنادق والنقل","titleEn":"Hotels & Transportation","subtitleAr":"إقامة فاخرة ونقل سلس بين المدن المقدسة.","subtitleEn":"Premium stays and seamless travel across the holy cities."}},{"id":"block-1780321018964-twfp7ze","type":"catalog","props":{"limit":6,"source":"hotels","titleAr":"فنادق الشركاء","titleEn":"Partner Hotels"}},{"id":"block-1780321018964-3880ox0","type":"catalog","props":{"limit":6,"source":"services","titleAr":"خدمات النقل","titleEn":"Transportation Services"}}],"locale":"en","pageId":"cmpv9628l001zhf2wrg4nzifr","titleAr":"الفنادق والنقل","titleEn":"Hotels & Transport","expiresAt":"2026-06-02T14:53:58.272Z"}'::jsonb, 1, '2026-06-02 13:53:58.275'::timestamp(3), '2026-06-02 13:53:58.275'::timestamp(3));
INSERT INTO "JsonStore" ("id", "namespace", "key", "data", "version", "createdAt", "updatedAt") VALUES ('cmpxvj47x0004hfo49zy1kblr', 'preview-tokens', '1fe9bd293331b857357975999e34122129b3bf6f41a966e6', '{"slug":"home","blocks":[{"id":"block-1780321018964-o7gjykp","seo":{},"type":"hero","props":{"ctaHref":"/packages","titleAr":"رحلتك المقدسة، برعاية واهتمام","titleEn":"Your Sacred Journey, Guided with Care","imageUrl":"","ctaLabelAr":"استكشف الباقات","ctaLabelEn":"Explore Packages","subtitleAr":"باقات عمرة فاخرة وخدمات سفر إسلامية — مُعدّة بإخلاص، ومُقدَّمة بتميز.","subtitleEn":"Premium Umrah packages and Islamic travel services — crafted with devotion, delivered with excellence.","mediaAssetId":"","headerOverlay":{"enabled":true,"surface":"solid","paddingTop":"calc(15px + 0px)","contentInset":"auto"}},"styles":{},"version":"2.0","settings":{"ctaHref":"/packages","titleAr":"رحلتك المقدسة، برعاية واهتمام","titleEn":"Your Sacred Journey, Guided with Care","imageUrl":"","ctaLabelAr":"استكشف الباقات","ctaLabelEn":"Explore Packages","subtitleAr":"باقات عمرة فاخرة وخدمات سفر إسلامية — مُعدّة بإخلاص، ومُقدَّمة بتميز.","subtitleEn":"Premium Umrah packages and Islamic travel services — crafted with devotion, delivered with excellence.","mediaAssetId":"","headerOverlay":{"enabled":true,"surface":"solid","paddingTop":"calc(15px + 0px)","contentInset":"auto"}},"animation":{"scroll":{"type":"zoom"},"enabled":true,"entrance":{"type":"fade"}},"responsive":{},"visibility":{},"localization":{}},{"id":"block-1780321018964-j6zrn3c","seo":{},"type":"catalog","props":{"city":"","limit":6,"source":"packages","titleAr":"باقات العمرة المميزة","titleEn":"Featured Umrah Packages","manualIds":[],"subtitleAr":"رحلات مختارة لكل حاج — من الراحة الأساسية إلى الفخامة الملكية.","subtitleEn":"Handpicked journeys for every pilgrim — from essential comfort to royal luxury.","serviceType":"","viewAllHref":"","categorySlug":"","featuredOnly":false,"emptyMessageAr":"","emptyMessageEn":"","displaySettings":{"limit":6,"columns":3,"autoplay":false,"showCity":true,"showIcon":true,"showPrice":true,"showStars":true,"layoutMode":"grid","cardVariant":"default","showExcerpt":true,"showCategory":true,"showDuration":true,"showViewAllLink":true,"autoplayIntervalMs":5000}},"styles":{},"version":"2.0","settings":{"city":"","limit":6,"source":"packages","titleAr":"باقات العمرة المميزة","titleEn":"Featured Umrah Packages","manualIds":[],"subtitleAr":"رحلات مختارة لكل حاج — من الراحة الأساسية إلى الفخامة الملكية.","subtitleEn":"Handpicked journeys for every pilgrim — from essential comfort to royal luxury.","serviceType":"","viewAllHref":"","categorySlug":"","featuredOnly":false,"emptyMessageAr":"","emptyMessageEn":"","displaySettings":{"limit":6,"columns":3,"autoplay":false,"showCity":true,"showIcon":true,"showPrice":true,"showStars":true,"layoutMode":"grid","cardVariant":"default","showExcerpt":true,"showCategory":true,"showDuration":true,"showViewAllLink":true,"autoplayIntervalMs":5000}},"animation":{"enabled":false},"responsive":{},"visibility":{},"localization":{}},{"id":"block-1780321018964-r3mrvzt","seo":{},"type":"testimonials","props":{"limit":3,"source":"collection","columns":3,"titleAr":"قصص الحجاج","titleEn":"Pilgrim Stories","autoplay":false,"layoutMode":"grid","subtitleAr":"استمع إلى من سافروا معنا.","subtitleEn":"Hear from those who traveled with us.","cardVariant":"default","sliderEnabled":false,"testimonialIds":[],"showViewAllLink":true,"autoplayIntervalMs":5000,"testimonialCollectionSlug":"home"},"styles":{},"version":"2.0","settings":{"limit":3,"source":"collection","columns":3,"titleAr":"قصص الحجاج","titleEn":"Pilgrim Stories","autoplay":false,"layoutMode":"grid","subtitleAr":"استمع إلى من سافروا معنا.","subtitleEn":"Hear from those who traveled with us.","cardVariant":"default","sliderEnabled":false,"testimonialIds":[],"showViewAllLink":true,"autoplayIntervalMs":5000,"testimonialCollectionSlug":"home"},"animation":{"enabled":false},"responsive":{},"visibility":{},"localization":{}},{"id":"block-1780321018964-bcjbsen","seo":{},"type":"cta","props":{"href":"/contact","titleAr":"ابدأ رحلتك المقدسة","titleEn":"Begin Your Sacred Journey","buttonAr":"تواصل معنا","buttonEn":"Get in Touch"},"styles":{},"version":"2.0","settings":{"href":"/contact","titleAr":"ابدأ رحلتك المقدسة","titleEn":"Begin Your Sacred Journey","buttonAr":"تواصل معنا","buttonEn":"Get in Touch"},"animation":{"enabled":false},"responsive":{},"visibility":{},"localization":{}}],"locale":"en","pageId":"cmpv9628a001shf2w4z2l68c6","titleAr":"الرئيسية","titleEn":"Home","expiresAt":"2026-06-03T10:38:32.345Z"}'::jsonb, 1, '2026-06-03 09:38:32.349'::timestamp(3), '2026-06-03 09:38:32.349'::timestamp(3));
INSERT INTO "JsonStore" ("id", "namespace", "key", "data", "version", "createdAt", "updatedAt") VALUES ('cmpxvj47v0003hfo4xfcfdni4', 'preview-tokens', '9c19336f534f570fab17e3c6ee766464c9459e76f281a4e4', '{"slug":"home","blocks":[{"id":"block-1780321018964-o7gjykp","seo":{},"type":"hero","props":{"ctaHref":"/packages","titleAr":"رحلتك المقدسة، برعاية واهتمام","titleEn":"Your Sacred Journey, Guided with Care","imageUrl":"","ctaLabelAr":"استكشف الباقات","ctaLabelEn":"Explore Packages","subtitleAr":"باقات عمرة فاخرة وخدمات سفر إسلامية — مُعدّة بإخلاص، ومُقدَّمة بتميز.","subtitleEn":"Premium Umrah packages and Islamic travel services — crafted with devotion, delivered with excellence.","mediaAssetId":"","headerOverlay":{"enabled":true,"surface":"solid","paddingTop":"calc(15px + 0px)","contentInset":"auto"}},"styles":{},"version":"2.0","settings":{"ctaHref":"/packages","titleAr":"رحلتك المقدسة، برعاية واهتمام","titleEn":"Your Sacred Journey, Guided with Care","imageUrl":"","ctaLabelAr":"استكشف الباقات","ctaLabelEn":"Explore Packages","subtitleAr":"باقات عمرة فاخرة وخدمات سفر إسلامية — مُعدّة بإخلاص، ومُقدَّمة بتميز.","subtitleEn":"Premium Umrah packages and Islamic travel services — crafted with devotion, delivered with excellence.","mediaAssetId":"","headerOverlay":{"enabled":true,"surface":"solid","paddingTop":"calc(15px + 0px)","contentInset":"auto"}},"animation":{"scroll":{"type":"zoom"},"enabled":true,"entrance":{"type":"fade"}},"responsive":{},"visibility":{},"localization":{}},{"id":"block-1780321018964-j6zrn3c","seo":{},"type":"catalog","props":{"city":"","limit":6,"source":"packages","titleAr":"باقات العمرة المميزة","titleEn":"Featured Umrah Packages","manualIds":[],"subtitleAr":"رحلات مختارة لكل حاج — من الراحة الأساسية إلى الفخامة الملكية.","subtitleEn":"Handpicked journeys for every pilgrim — from essential comfort to royal luxury.","serviceType":"","viewAllHref":"","categorySlug":"","featuredOnly":false,"emptyMessageAr":"","emptyMessageEn":"","displaySettings":{"limit":6,"columns":3,"autoplay":false,"showCity":true,"showIcon":true,"showPrice":true,"showStars":true,"layoutMode":"grid","cardVariant":"default","showExcerpt":true,"showCategory":true,"showDuration":true,"showViewAllLink":true,"autoplayIntervalMs":5000}},"styles":{},"version":"2.0","settings":{"city":"","limit":6,"source":"packages","titleAr":"باقات العمرة المميزة","titleEn":"Featured Umrah Packages","manualIds":[],"subtitleAr":"رحلات مختارة لكل حاج — من الراحة الأساسية إلى الفخامة الملكية.","subtitleEn":"Handpicked journeys for every pilgrim — from essential comfort to royal luxury.","serviceType":"","viewAllHref":"","categorySlug":"","featuredOnly":false,"emptyMessageAr":"","emptyMessageEn":"","displaySettings":{"limit":6,"columns":3,"autoplay":false,"showCity":true,"showIcon":true,"showPrice":true,"showStars":true,"layoutMode":"grid","cardVariant":"default","showExcerpt":true,"showCategory":true,"showDuration":true,"showViewAllLink":true,"autoplayIntervalMs":5000}},"animation":{"enabled":false},"responsive":{},"visibility":{},"localization":{}},{"id":"block-1780321018964-r3mrvzt","seo":{},"type":"testimonials","props":{"limit":3,"source":"collection","columns":3,"titleAr":"قصص الحجاج","titleEn":"Pilgrim Stories","autoplay":false,"layoutMode":"grid","subtitleAr":"استمع إلى من سافروا معنا.","subtitleEn":"Hear from those who traveled with us.","cardVariant":"default","sliderEnabled":false,"testimonialIds":[],"showViewAllLink":true,"autoplayIntervalMs":5000,"testimonialCollectionSlug":"home"},"styles":{},"version":"2.0","settings":{"limit":3,"source":"collection","columns":3,"titleAr":"قصص الحجاج","titleEn":"Pilgrim Stories","autoplay":false,"layoutMode":"grid","subtitleAr":"استمع إلى من سافروا معنا.","subtitleEn":"Hear from those who traveled with us.","cardVariant":"default","sliderEnabled":false,"testimonialIds":[],"showViewAllLink":true,"autoplayIntervalMs":5000,"testimonialCollectionSlug":"home"},"animation":{"enabled":false},"responsive":{},"visibility":{},"localization":{}},{"id":"block-1780321018964-bcjbsen","seo":{},"type":"cta","props":{"href":"/contact","titleAr":"ابدأ رحلتك المقدسة","titleEn":"Begin Your Sacred Journey","buttonAr":"تواصل معنا","buttonEn":"Get in Touch"},"styles":{},"version":"2.0","settings":{"href":"/contact","titleAr":"ابدأ رحلتك المقدسة","titleEn":"Begin Your Sacred Journey","buttonAr":"تواصل معنا","buttonEn":"Get in Touch"},"animation":{"enabled":false},"responsive":{},"visibility":{},"localization":{}}],"locale":"en","pageId":"cmpv9628a001shf2w4z2l68c6","titleAr":"الرئيسية","titleEn":"Home","expiresAt":"2026-06-03T10:38:32.341Z"}'::jsonb, 1, '2026-06-03 09:38:32.347'::timestamp(3), '2026-06-03 09:38:32.347'::timestamp(3));
INSERT INTO "JsonStore" ("id", "namespace", "key", "data", "version", "createdAt", "updatedAt") VALUES ('cmpxvj47z0005hfo4epcvq2zo', 'preview-tokens', 'b71c06a1bea253066af03e1352ca77ec1cdd777d172ff83e', '{"slug":"home","blocks":[{"id":"block-1780321018964-o7gjykp","seo":{},"type":"hero","props":{"ctaHref":"/packages","titleAr":"رحلتك المقدسة، برعاية واهتمام","titleEn":"Your Sacred Journey, Guided with Care","imageUrl":"","ctaLabelAr":"استكشف الباقات","ctaLabelEn":"Explore Packages","subtitleAr":"باقات عمرة فاخرة وخدمات سفر إسلامية — مُعدّة بإخلاص، ومُقدَّمة بتميز.","subtitleEn":"Premium Umrah packages and Islamic travel services — crafted with devotion, delivered with excellence.","mediaAssetId":"","headerOverlay":{"enabled":true,"surface":"solid","paddingTop":"calc(15px + 0px)","contentInset":"auto"}},"styles":{},"version":"2.0","settings":{"ctaHref":"/packages","titleAr":"رحلتك المقدسة، برعاية واهتمام","titleEn":"Your Sacred Journey, Guided with Care","imageUrl":"","ctaLabelAr":"استكشف الباقات","ctaLabelEn":"Explore Packages","subtitleAr":"باقات عمرة فاخرة وخدمات سفر إسلامية — مُعدّة بإخلاص، ومُقدَّمة بتميز.","subtitleEn":"Premium Umrah packages and Islamic travel services — crafted with devotion, delivered with excellence.","mediaAssetId":"","headerOverlay":{"enabled":true,"surface":"solid","paddingTop":"calc(15px + 0px)","contentInset":"auto"}},"animation":{"scroll":{"type":"zoom"},"enabled":true,"entrance":{"type":"fade"}},"responsive":{},"visibility":{},"localization":{}},{"id":"block-1780321018964-j6zrn3c","seo":{},"type":"catalog","props":{"city":"","limit":6,"source":"packages","titleAr":"باقات العمرة المميزة","titleEn":"Featured Umrah Packages","manualIds":[],"subtitleAr":"رحلات مختارة لكل حاج — من الراحة الأساسية إلى الفخامة الملكية.","subtitleEn":"Handpicked journeys for every pilgrim — from essential comfort to royal luxury.","serviceType":"","viewAllHref":"","categorySlug":"","featuredOnly":false,"emptyMessageAr":"","emptyMessageEn":"","displaySettings":{"limit":6,"columns":3,"autoplay":false,"showCity":true,"showIcon":true,"showPrice":true,"showStars":true,"layoutMode":"grid","cardVariant":"default","showExcerpt":true,"showCategory":true,"showDuration":true,"showViewAllLink":true,"autoplayIntervalMs":5000}},"styles":{},"version":"2.0","settings":{"city":"","limit":6,"source":"packages","titleAr":"باقات العمرة المميزة","titleEn":"Featured Umrah Packages","manualIds":[],"subtitleAr":"رحلات مختارة لكل حاج — من الراحة الأساسية إلى الفخامة الملكية.","subtitleEn":"Handpicked journeys for every pilgrim — from essential comfort to royal luxury.","serviceType":"","viewAllHref":"","categorySlug":"","featuredOnly":false,"emptyMessageAr":"","emptyMessageEn":"","displaySettings":{"limit":6,"columns":3,"autoplay":false,"showCity":true,"showIcon":true,"showPrice":true,"showStars":true,"layoutMode":"grid","cardVariant":"default","showExcerpt":true,"showCategory":true,"showDuration":true,"showViewAllLink":true,"autoplayIntervalMs":5000}},"animation":{"enabled":false},"responsive":{},"visibility":{},"localization":{}},{"id":"block-1780321018964-r3mrvzt","seo":{},"type":"testimonials","props":{"limit":3,"source":"collection","columns":3,"titleAr":"قصص الحجاج","titleEn":"Pilgrim Stories","autoplay":false,"layoutMode":"grid","subtitleAr":"استمع إلى من سافروا معنا.","subtitleEn":"Hear from those who traveled with us.","cardVariant":"default","sliderEnabled":false,"testimonialIds":[],"showViewAllLink":true,"autoplayIntervalMs":5000,"testimonialCollectionSlug":"home"},"styles":{},"version":"2.0","settings":{"limit":3,"source":"collection","columns":3,"titleAr":"قصص الحجاج","titleEn":"Pilgrim Stories","autoplay":false,"layoutMode":"grid","subtitleAr":"استمع إلى من سافروا معنا.","subtitleEn":"Hear from those who traveled with us.","cardVariant":"default","sliderEnabled":false,"testimonialIds":[],"showViewAllLink":true,"autoplayIntervalMs":5000,"testimonialCollectionSlug":"home"},"animation":{"enabled":false},"responsive":{},"visibility":{},"localization":{}},{"id":"block-1780321018964-bcjbsen","seo":{},"type":"cta","props":{"href":"/contact","titleAr":"ابدأ رحلتك المقدسة","titleEn":"Begin Your Sacred Journey","buttonAr":"تواصل معنا","buttonEn":"Get in Touch"},"styles":{},"version":"2.0","settings":{"href":"/contact","titleAr":"ابدأ رحلتك المقدسة","titleEn":"Begin Your Sacred Journey","buttonAr":"تواصل معنا","buttonEn":"Get in Touch"},"animation":{"enabled":false},"responsive":{},"visibility":{},"localization":{}}],"locale":"en","pageId":"cmpv9628a001shf2w4z2l68c6","titleAr":"الرئيسية","titleEn":"Home","expiresAt":"2026-06-03T10:38:32.347Z"}'::jsonb, 1, '2026-06-03 09:38:32.351'::timestamp(3), '2026-06-03 09:38:32.351'::timestamp(3));
INSERT INTO "JsonStore" ("id", "namespace", "key", "data", "version", "createdAt", "updatedAt") VALUES ('cmpxvj4810006hfo4ef6rcwr9', 'preview-tokens', '57f0b9a5838ebe15acd78f8af5f1a6875598c28bf436ac86', '{"slug":"home","blocks":[{"id":"block-1780321018964-o7gjykp","seo":{},"type":"hero","props":{"ctaHref":"/packages","titleAr":"رحلتك المقدسة، برعاية واهتمام","titleEn":"Your Sacred Journey, Guided with Care","imageUrl":"","ctaLabelAr":"استكشف الباقات","ctaLabelEn":"Explore Packages","subtitleAr":"باقات عمرة فاخرة وخدمات سفر إسلامية — مُعدّة بإخلاص، ومُقدَّمة بتميز.","subtitleEn":"Premium Umrah packages and Islamic travel services — crafted with devotion, delivered with excellence.","mediaAssetId":"","headerOverlay":{"enabled":true,"surface":"solid","paddingTop":"calc(15px + 0px)","contentInset":"auto"}},"styles":{},"version":"2.0","settings":{"ctaHref":"/packages","titleAr":"رحلتك المقدسة، برعاية واهتمام","titleEn":"Your Sacred Journey, Guided with Care","imageUrl":"","ctaLabelAr":"استكشف الباقات","ctaLabelEn":"Explore Packages","subtitleAr":"باقات عمرة فاخرة وخدمات سفر إسلامية — مُعدّة بإخلاص، ومُقدَّمة بتميز.","subtitleEn":"Premium Umrah packages and Islamic travel services — crafted with devotion, delivered with excellence.","mediaAssetId":"","headerOverlay":{"enabled":true,"surface":"solid","paddingTop":"calc(15px + 0px)","contentInset":"auto"}},"animation":{"scroll":{"type":"zoom"},"enabled":true,"entrance":{"type":"fade"}},"responsive":{},"visibility":{},"localization":{}},{"id":"block-1780321018964-j6zrn3c","seo":{},"type":"catalog","props":{"city":"","limit":6,"source":"packages","titleAr":"باقات العمرة المميزة","titleEn":"Featured Umrah Packages","manualIds":[],"subtitleAr":"رحلات مختارة لكل حاج — من الراحة الأساسية إلى الفخامة الملكية.","subtitleEn":"Handpicked journeys for every pilgrim — from essential comfort to royal luxury.","serviceType":"","viewAllHref":"","categorySlug":"","featuredOnly":false,"emptyMessageAr":"","emptyMessageEn":"","displaySettings":{"limit":6,"columns":3,"autoplay":false,"showCity":true,"showIcon":true,"showPrice":true,"showStars":true,"layoutMode":"grid","cardVariant":"default","showExcerpt":true,"showCategory":true,"showDuration":true,"showViewAllLink":true,"autoplayIntervalMs":5000}},"styles":{},"version":"2.0","settings":{"city":"","limit":6,"source":"packages","titleAr":"باقات العمرة المميزة","titleEn":"Featured Umrah Packages","manualIds":[],"subtitleAr":"رحلات مختارة لكل حاج — من الراحة الأساسية إلى الفخامة الملكية.","subtitleEn":"Handpicked journeys for every pilgrim — from essential comfort to royal luxury.","serviceType":"","viewAllHref":"","categorySlug":"","featuredOnly":false,"emptyMessageAr":"","emptyMessageEn":"","displaySettings":{"limit":6,"columns":3,"autoplay":false,"showCity":true,"showIcon":true,"showPrice":true,"showStars":true,"layoutMode":"grid","cardVariant":"default","showExcerpt":true,"showCategory":true,"showDuration":true,"showViewAllLink":true,"autoplayIntervalMs":5000}},"animation":{"enabled":false},"responsive":{},"visibility":{},"localization":{}},{"id":"block-1780321018964-r3mrvzt","seo":{},"type":"testimonials","props":{"limit":3,"source":"collection","columns":3,"titleAr":"قصص الحجاج","titleEn":"Pilgrim Stories","autoplay":false,"layoutMode":"grid","subtitleAr":"استمع إلى من سافروا معنا.","subtitleEn":"Hear from those who traveled with us.","cardVariant":"default","sliderEnabled":false,"testimonialIds":[],"showViewAllLink":true,"autoplayIntervalMs":5000,"testimonialCollectionSlug":"home"},"styles":{},"version":"2.0","settings":{"limit":3,"source":"collection","columns":3,"titleAr":"قصص الحجاج","titleEn":"Pilgrim Stories","autoplay":false,"layoutMode":"grid","subtitleAr":"استمع إلى من سافروا معنا.","subtitleEn":"Hear from those who traveled with us.","cardVariant":"default","sliderEnabled":false,"testimonialIds":[],"showViewAllLink":true,"autoplayIntervalMs":5000,"testimonialCollectionSlug":"home"},"animation":{"enabled":false},"responsive":{},"visibility":{},"localization":{}},{"id":"block-1780321018964-bcjbsen","seo":{},"type":"cta","props":{"href":"/contact","titleAr":"ابدأ رحلتك المقدسة","titleEn":"Begin Your Sacred Journey","buttonAr":"تواصل معنا","buttonEn":"Get in Touch"},"styles":{},"version":"2.0","settings":{"href":"/contact","titleAr":"ابدأ رحلتك المقدسة","titleEn":"Begin Your Sacred Journey","buttonAr":"تواصل معنا","buttonEn":"Get in Touch"},"animation":{"enabled":false},"responsive":{},"visibility":{},"localization":{}}],"locale":"en","pageId":"cmpv9628a001shf2w4z2l68c6","titleAr":"الرئيسية","titleEn":"Home","expiresAt":"2026-06-03T10:38:32.349Z"}'::jsonb, 1, '2026-06-03 09:38:32.354'::timestamp(3), '2026-06-03 09:38:32.354'::timestamp(3));
INSERT INTO "JsonStore" ("id", "namespace", "key", "data", "version", "createdAt", "updatedAt") VALUES ('cmpztabzt0000hff8g12r94l5', 'settings', 'system', '{"setupComplete":false,"comingSoonEnabled":false,"registrationEnabled":true}'::jsonb, 2, '2026-06-04 18:11:15.640'::timestamp(3), '2026-06-04 18:40:41.111'::timestamp(3));
INSERT INTO "JsonStore" ("id", "namespace", "key", "data", "version", "createdAt", "updatedAt") VALUES ('cmq0tdr8q0001hfewvgs61509', 'footer-workspace', 'default', '{"design":{"columnGap":"normal","linkStyle":"muted","borderStyle":"subtle","headingStyle":"uppercase"},"layout":"grid","columns":[{"id":"brand","type":"brand","title":"","enabled":true,"showEmail":false,"showPhone":false,"showSocial":false,"showAddress":false},{"id":"services","type":"menu","links":[{"href":"/enterprise-wireless","label":"Enterprise Wireless"},{"href":"/smart-home","label":"Smart Home"},{"href":"/security-solutions","label":"Security Solutions"},{"href":"/services","label":"IoT & Connected Tech"}],"title":"Services","enabled":true,"showEmail":false,"showPhone":false,"menuSource":"custom","showSocial":false,"showAddress":false},{"id":"company","type":"menu","links":[{"href":"/about","label":"About Us"},{"href":"/about#process","label":"Our Process"},{"href":"/testimonials","label":"Testimonials"},{"href":"/contact","label":"Contact"}],"title":"Company","enabled":true,"showEmail":false,"showPhone":false,"menuSource":"custom","showSocial":false,"showAddress":false},{"id":"contact","type":"contact","title":"Contact","enabled":true,"showEmail":true,"showPhone":true,"showSocial":false,"showAddress":true},{"id":"social","type":"social","title":"Connect","enabled":true,"showEmail":false,"showPhone":false,"showSocial":true,"showAddress":false}],"version":1,"copyright":{"suffix":"Empowering Connectivity. Enhancing Security. Enabling Smart Living.","showBar":true,"legalLinks":[],"rightsText":"© BRT TRADING LLC. All rights reserved."},"gridColumns":4}'::jsonb, 1, '2026-06-05 11:01:41.547'::timestamp(3), '2026-06-05 11:01:42.326'::timestamp(3));
INSERT INTO "JsonStore" ("id", "namespace", "key", "data", "version", "createdAt", "updatedAt") VALUES ('cmq0tdr8j0000hfewqtf1lch2', 'header-workspace', 'default', '{"version":1,"branding":{"tagline":"Wireless & Smart Technology","logoMode":"text","logoText":"BRT","areaStyle":"default","brandName":"BRT TRADING LLC","logoSizing":{"mode":"fixed","adaptiveMax":48,"adaptiveMin":28,"heightMobile":32,"heightTablet":36,"heightDesktop":42},"showTagline":true,"logoImageDarkUrl":"","brandLayoutMobile":"logo-and-text","logoImageLightUrl":"","brandLayoutDesktop":"logo-and-text","brandNameTypography":{"customFont":"","fontSource":"heading","fontWeight":800,"sizeMobile":"1rem","sizeDesktop":"1.2rem"},"brandTaglineTypography":{"customFont":"","fontSource":"body","fontWeight":400,"sizeMobile":"0.65rem","sizeDesktop":"0.72rem"}},"settings":{"menuType":"dropdown","menuShadow":"strong","mobileType":"hamburger","headerStyle":"normal-compact","overlayMode":"none","overlaySurface":"glass","menuBlurStrength":"medium","menuGlassEnabled":true,"menuTransparency":92,"mobileMenuShadow":"strong","headerDesktopMode":"sticky","mobileMenuSurface":"glass","headerBorderRadius":"lg","menuPanelAnimation":"slide","mobileMenuAnimation":"slide","mobileMenuBlurStrength":"medium","mobileMenuGlassEnabled":true,"mobileMenuTransparency":96,"firstBlockHeaderOverlay":{"enabled":false,"contentInset":"auto"}},"activeMenuKey":"mainMenu","headerActions":[{"id":"action-search","icon":"fa-search","type":"search","label":"Search","style":"icon","visible":true,"outlined":false},{"id":"action-account","icon":"fa-user","type":"account","label":"Account","style":"icon","visible":true,"outlined":false},{"id":"action-cta","icon":"fa-paper-plane","type":"custom","label":"Get a Quote","style":"solid","visible":true,"outlined":false}],"menusDatabase":{"mainMenu":{"name":"Main Menu","items":[{"id":"nav-home","url":"/","type":"link","label":"Home","labels":{"ar":"الرئيسية","en":"Home"},"children":[],"placement":"both"},{"id":"nav-about","url":"/about","type":"link","label":"About","labels":{"ar":"من نحن","en":"About"},"children":[],"placement":"both"},{"id":"nav-services","url":"/services","type":"link","label":"Services","labels":{"ar":"الخدمات","en":"Services"},"children":[],"placement":"both"},{"id":"nav-smart-home","url":"/smart-home","type":"link","label":"Smart Home","labels":{"ar":"المنزل الذكي","en":"Smart Home"},"children":[],"placement":"both"},{"id":"nav-gallery","url":"/gallery","type":"link","label":"Gallery","labels":{"ar":"المعرض","en":"Gallery"},"children":[],"placement":"both"},{"id":"nav-blog","url":"/blog","type":"link","label":"Blog","labels":{"ar":"المدونة","en":"Blog"},"children":[],"placement":"both"},{"id":"nav-contact","url":"/contact","type":"link","label":"Contact","labels":{"ar":"اتصل بنا","en":"Contact"},"children":[],"placement":"both"}],"globalApply":"Both"}}}'::jsonb, 1, '2026-06-05 11:01:41.539'::timestamp(3), '2026-06-05 11:01:42.322'::timestamp(3));
INSERT INTO "JsonStore" ("id", "namespace", "key", "data", "version", "createdAt", "updatedAt") VALUES ('cmpzxm61e0007hfc8nco1a0jf', 'whatsapp', 'settings', '{"fab":{"size":"sm","enabled":true,"iconUrl":null,"iconSize":"1.75rem","position":"bottom-end","showIcon":true,"showLabel":false,"textColor":"#ffffff","offsetSide":24,"offsetBottom":24,"buttonVariant":"custom","backgroundColor":"#25D366"},"contactPage":{"size":"md","enabled":true,"iconUrl":null,"iconSize":"1.75rem","showIcon":true,"fullWidth":true,"showLabel":true,"textColor":"#ffffff","buttonVariant":"gold","backgroundColor":"#25D366"},"contentInquiry":{"size":"md","enabled":true,"iconUrl":null,"iconSize":"1.75rem","showIcon":true,"fullWidth":true,"showLabel":true,"textColor":"#ffffff","buttonVariant":"gold","backgroundColor":"#25D366"}}'::jsonb, 1, '2026-06-04 20:12:26.255'::timestamp(3), '2026-06-04 20:12:26.255'::timestamp(3));

-- LocaleConfig (1 rows)
INSERT INTO "LocaleConfig" ("id", "code", "urlPrefix", "label", "htmlLang", "dir", "flag", "dateLocale", "currency", "numberLocale", "isEnabled", "isDefault", "sortOrder", "createdAt", "updatedAt") VALUES ('cmpv9628u0023hf2whrsan6vt', 'en', 'en', 'English', 'en', 'ltr', '🇺🇸', 'en-US', 'USD', 'en-US', true, true, 0, '2026-06-01 13:36:59.358'::timestamp(3), '2026-06-04 21:15:29.596'::timestamp(3));

-- MediaAsset (16 rows)
INSERT INTO "MediaAsset" ("id", "filename", "url", "mimeType", "mediaType", "sizeBytes", "width", "height", "altEn", "altAr", "folderId", "uploadedById", "createdAt", "updatedAt") VALUES ('cmq0tdrug0002hf64va1ow9yp', 'hero.svg', '/demo/brt/hero.svg', 'image/svg+xml', 'SVG', 0, NULL, NULL, 'BRT TRADING LLC technology solutions', 'حلول BRT TRADING LLC التقنية', NULL, NULL, '2026-06-05 11:01:42.328'::timestamp(3), '2026-06-05 11:01:42.328'::timestamp(3));
INSERT INTO "MediaAsset" ("id", "filename", "url", "mimeType", "mediaType", "sizeBytes", "width", "height", "altEn", "altAr", "folderId", "uploadedById", "createdAt", "updatedAt") VALUES ('cmq0tdruj0003hf64noofloax', 'project-1.svg', '/images/placeholder.svg', 'image/svg+xml', 'SVG', 0, NULL, NULL, 'Enterprise wireless deployment', 'نشر شبكة لاسلكية للمؤسسات', NULL, NULL, '2026-06-05 11:01:42.332'::timestamp(3), '2026-06-05 11:01:42.332'::timestamp(3));
INSERT INTO "MediaAsset" ("id", "filename", "url", "mimeType", "mediaType", "sizeBytes", "width", "height", "altEn", "altAr", "folderId", "uploadedById", "createdAt", "updatedAt") VALUES ('cmq0tdrul0004hf64uy6r4g79', 'project-2.svg', '/images/placeholder.svg', 'image/svg+xml', 'SVG', 0, NULL, NULL, 'Smart home automation', 'أتمتة المنزل الذكي', NULL, NULL, '2026-06-05 11:01:42.333'::timestamp(3), '2026-06-05 11:01:42.333'::timestamp(3));
INSERT INTO "MediaAsset" ("id", "filename", "url", "mimeType", "mediaType", "sizeBytes", "width", "height", "altEn", "altAr", "folderId", "uploadedById", "createdAt", "updatedAt") VALUES ('cmq0tdrum0005hf64vsdbr5q0', 'project-3.svg', '/images/placeholder.svg', 'image/svg+xml', 'SVG', 0, NULL, NULL, 'Security surveillance system', 'نظام مراقبة أمنية', NULL, NULL, '2026-06-05 11:01:42.334'::timestamp(3), '2026-06-05 11:01:42.334'::timestamp(3));
INSERT INTO "MediaAsset" ("id", "filename", "url", "mimeType", "mediaType", "sizeBytes", "width", "height", "altEn", "altAr", "folderId", "uploadedById", "createdAt", "updatedAt") VALUES ('cmq0tdrun0006hf64h0stiwnr', 'project-4.svg', '/images/placeholder.svg', 'image/svg+xml', 'SVG', 0, NULL, NULL, 'IoT sensor network', 'شبكة مستشعرات إنترنت الأشياء', NULL, NULL, '2026-06-05 11:01:42.335'::timestamp(3), '2026-06-05 11:01:42.335'::timestamp(3));
INSERT INTO "MediaAsset" ("id", "filename", "url", "mimeType", "mediaType", "sizeBytes", "width", "height", "altEn", "altAr", "folderId", "uploadedById", "createdAt", "updatedAt") VALUES ('cmq0tdruo0007hf64ajl538fz', 'project-5.svg', '/images/placeholder.svg', 'image/svg+xml', 'SVG', 0, NULL, NULL, 'Indoor coverage solution', 'حل تغطية داخلية', NULL, NULL, '2026-06-05 11:01:42.336'::timestamp(3), '2026-06-05 11:01:42.336'::timestamp(3));
INSERT INTO "MediaAsset" ("id", "filename", "url", "mimeType", "mediaType", "sizeBytes", "width", "height", "altEn", "altAr", "folderId", "uploadedById", "createdAt", "updatedAt") VALUES ('cmq0tdrup0008hf6419b9wjpx', 'project-6.svg', '/images/placeholder.svg', 'image/svg+xml', 'SVG', 0, NULL, NULL, 'IP PBX installation', 'تركيب IP PBX', NULL, NULL, '2026-06-05 11:01:42.338'::timestamp(3), '2026-06-05 11:01:42.338'::timestamp(3));
INSERT INTO "MediaAsset" ("id", "filename", "url", "mimeType", "mediaType", "sizeBytes", "width", "height", "altEn", "altAr", "folderId", "uploadedById", "createdAt", "updatedAt") VALUES ('cmq0tdrur0009hf64t9fgor72', 'project-7.svg', '/images/placeholder.svg', 'image/svg+xml', 'SVG', 0, NULL, NULL, 'Network infrastructure', 'بنية شبكة تحتية', NULL, NULL, '2026-06-05 11:01:42.340'::timestamp(3), '2026-06-05 11:01:42.340'::timestamp(3));
INSERT INTO "MediaAsset" ("id", "filename", "url", "mimeType", "mediaType", "sizeBytes", "width", "height", "altEn", "altAr", "folderId", "uploadedById", "createdAt", "updatedAt") VALUES ('cmq0tdrut000ahf64xw43732z', 'project-8.svg', '/images/placeholder.svg', 'image/svg+xml', 'SVG', 0, NULL, NULL, 'Smart lock integration', 'تكامل الأقفال الذكية', NULL, NULL, '2026-06-05 11:01:42.341'::timestamp(3), '2026-06-05 11:01:42.341'::timestamp(3));
INSERT INTO "MediaAsset" ("id", "filename", "url", "mimeType", "mediaType", "sizeBytes", "width", "height", "altEn", "altAr", "folderId", "uploadedById", "createdAt", "updatedAt") VALUES ('cmq0tdruu000bhf64siacyyxg', 'project-9.svg', '/images/placeholder.svg', 'image/svg+xml', 'SVG', 0, NULL, NULL, 'CCTV analytics', 'تحليلات كاميرات المراقبة', NULL, NULL, '2026-06-05 11:01:42.343'::timestamp(3), '2026-06-05 11:01:42.343'::timestamp(3));
INSERT INTO "MediaAsset" ("id", "filename", "url", "mimeType", "mediaType", "sizeBytes", "width", "height", "altEn", "altAr", "folderId", "uploadedById", "createdAt", "updatedAt") VALUES ('cmq0tdruv000chf64lz2g1p36', 'project-10.svg', '/images/placeholder.svg', 'image/svg+xml', 'SVG', 0, NULL, NULL, 'Building automation', 'أتمتة المباني', NULL, NULL, '2026-06-05 11:01:42.344'::timestamp(3), '2026-06-05 11:01:42.344'::timestamp(3));
INSERT INTO "MediaAsset" ("id", "filename", "url", "mimeType", "mediaType", "sizeBytes", "width", "height", "altEn", "altAr", "folderId", "uploadedById", "createdAt", "updatedAt") VALUES ('cmq0tdruw000dhf64a20c0ijp', 'project-11.svg', '/images/placeholder.svg', 'image/svg+xml', 'SVG', 0, NULL, NULL, 'Voice assistant setup', 'إعداد المساعد الصوتي', NULL, NULL, '2026-06-05 11:01:42.345'::timestamp(3), '2026-06-05 11:01:42.345'::timestamp(3));
INSERT INTO "MediaAsset" ("id", "filename", "url", "mimeType", "mediaType", "sizeBytes", "width", "height", "altEn", "altAr", "folderId", "uploadedById", "createdAt", "updatedAt") VALUES ('cmq0tdrux000ehf64744jlrnl', 'project-12.svg', '/images/placeholder.svg', 'image/svg+xml', 'SVG', 0, NULL, NULL, 'Energy management', 'إدارة الطاقة', NULL, NULL, '2026-06-05 11:01:42.346'::timestamp(3), '2026-06-05 11:01:42.346'::timestamp(3));
INSERT INTO "MediaAsset" ("id", "filename", "url", "mimeType", "mediaType", "sizeBytes", "width", "height", "altEn", "altAr", "folderId", "uploadedById", "createdAt", "updatedAt") VALUES ('cmq0tdruz000fhf64iuz3dr62', 'service-wireless.svg', '/images/placeholder.svg', 'image/svg+xml', 'SVG', 0, NULL, NULL, 'Enterprise wireless', 'شبكة لاسلكية للمؤسسات', NULL, NULL, '2026-06-05 11:01:42.348'::timestamp(3), '2026-06-05 11:01:42.348'::timestamp(3));
INSERT INTO "MediaAsset" ("id", "filename", "url", "mimeType", "mediaType", "sizeBytes", "width", "height", "altEn", "altAr", "folderId", "uploadedById", "createdAt", "updatedAt") VALUES ('cmq0tdrv1000ghf64ngat3h9r', 'service-security.svg', '/images/placeholder.svg', 'image/svg+xml', 'SVG', 0, NULL, NULL, 'Security solutions', 'حلول الأمن', NULL, NULL, '2026-06-05 11:01:42.349'::timestamp(3), '2026-06-05 11:01:42.349'::timestamp(3));
INSERT INTO "MediaAsset" ("id", "filename", "url", "mimeType", "mediaType", "sizeBytes", "width", "height", "altEn", "altAr", "folderId", "uploadedById", "createdAt", "updatedAt") VALUES ('cmq0tdrv2000hhf64yp3u46zc', 'service-smarthome.svg', '/images/placeholder.svg', 'image/svg+xml', 'SVG', 0, NULL, NULL, 'Smart home', 'المنزل الذكي', NULL, NULL, '2026-06-05 11:01:42.350'::timestamp(3), '2026-06-05 11:01:42.350'::timestamp(3));

-- Post (4 rows)
INSERT INTO "Post" ("id", "slug", "titleEn", "titleAr", "excerptEn", "excerptAr", "contentEn", "contentAr", "blocks", "relatedPostIds", "status", "featuredImageId", "authorId", "publishedAt", "scheduledAt", "createdAt", "updatedAt") VALUES ('cmq0tdrxr002hhf643sqmuivb', 'iot-trends-2026', 'IoT Trends Shaping Smart Buildings in 2026', 'اتجاهات إنترنت الأشياء في المباني الذكية 2026', 'How connected devices are transforming facility management and energy efficiency.', 'كيف تحول الأجهزة المتصلة إدارة المرافق وكفاءة الطاقة.', '<p>The Internet of Things continues to revolutionize how buildings operate. From predictive maintenance to real-time energy monitoring, IoT solutions deliver measurable ROI for enterprises.</p><p>BRT TRADING LLC helps organizations integrate devices, automate processes, and gain valuable insights through intelligent control systems.</p>', '<p>يستمر إنترنت الأشياء في إحداث ثورة في تشغيل المباني. من الصيانة التنبؤية إلى مراقبة الطاقة الفورية، تقدم حلول IoT عائداً استثمارياً ملموساً للمؤسسات.</p>', '[]'::jsonb, '[]'::jsonb, 'PUBLISHED', 'cmq0tdrun0006hf64h0stiwnr', 'cmq0tdrxo002fhf64ucvpvoji', '2026-06-05 11:01:42.432'::timestamp(3), NULL, '2026-06-05 11:01:42.447'::timestamp(3), '2026-06-05 11:01:42.447'::timestamp(3));
INSERT INTO "Post" ("id", "slug", "titleEn", "titleAr", "excerptEn", "excerptAr", "contentEn", "contentAr", "blocks", "relatedPostIds", "status", "featuredImageId", "authorId", "publishedAt", "scheduledAt", "createdAt", "updatedAt") VALUES ('cmq0tdrxv002jhf648v08san5', 'smart-home-security-guide', 'Smart Home Security: A Complete Guide', 'أمن المنزل الذكي: دليل شامل', 'Protect your property with integrated smart locks, cameras, and automated responses.', 'احمِ ممتلكاتك بأقفال ذكية وكاميرات واستجابات آلية متكاملة.', '<p>Smart security goes beyond traditional alarms. With intelligent surveillance, motion detection, and automated response systems, homeowners gain peace of mind and instant alerts.</p>', '<p>الأمن الذكي يتجاوز الإنذارات التقليدية. مع المراقبة الذكية وكشف الحركة والاستجابات الآلية، يحصل أصحاب المنازل على راحة البال.</p>', '[]'::jsonb, '[]'::jsonb, 'PUBLISHED', 'cmq0tdrum0005hf64vsdbr5q0', 'cmq0tdrxo002fhf64ucvpvoji', '2026-06-05 11:01:42.436'::timestamp(3), NULL, '2026-06-05 11:01:42.451'::timestamp(3), '2026-06-05 11:01:42.451'::timestamp(3));
INSERT INTO "Post" ("id", "slug", "titleEn", "titleAr", "excerptEn", "excerptAr", "contentEn", "contentAr", "blocks", "relatedPostIds", "status", "featuredImageId", "authorId", "publishedAt", "scheduledAt", "createdAt", "updatedAt") VALUES ('cmq0tdry0002lhf64b3bc8mks', 'enterprise-wifi-best-practices', 'Enterprise Wi-Fi Best Practices', 'أفضل ممارسات Wi-Fi للمؤسسات', 'Design principles for reliable, high-performance wireless networks.', 'مبادئ تصميم شبكات لاسلكية موثوقة وعالية الأداء.', '<p>Enterprise wireless networks require careful planning. Site surveys, coverage analysis, and ongoing optimization ensure maximum stability and performance across your facility.</p>', '<p>تتطلب الشبكات اللاسلكية للمؤسسات تخطيطاً دقيقاً. المعاينات وتحليل التغطية والتحسين المستمر يضمن أقصى استقرار وأداء.</p>', '[]'::jsonb, '[]'::jsonb, 'PUBLISHED', 'cmq0tdruz000fhf64iuz3dr62', 'cmq0tdrxo002fhf64ucvpvoji', '2026-06-05 11:01:42.441'::timestamp(3), NULL, '2026-06-05 11:01:42.456'::timestamp(3), '2026-06-05 11:01:42.456'::timestamp(3));
INSERT INTO "Post" ("id", "slug", "titleEn", "titleAr", "excerptEn", "excerptAr", "contentEn", "contentAr", "blocks", "relatedPostIds", "status", "featuredImageId", "authorId", "publishedAt", "scheduledAt", "createdAt", "updatedAt") VALUES ('cmq0tdry2002nhf64yujo4i0d', 'energy-efficiency-smart-tech', 'Energy Efficiency Through Smart Technology', 'كفاءة الطاقة عبر التقنية الذكية', 'Reduce energy costs by up to 30% with intelligent scheduling and automation.', 'قلل تكاليف الطاقة بنسبة تصل إلى 30% عبر الجدولة الذكية والأتمتة.', '<p>Smart technologies help reduce energy consumption while improving comfort. Automated monitoring, intelligent scheduling, and 24/7 energy analytics deliver sustainable building management.</p>', '<p>تساعد التقنيات الذكية على تقليل استهلاك الطاقة مع تحسين الراحة. المراقبة الآلية والجدولة الذكية تحقق إدارة مباني مستدامة.</p>', '[]'::jsonb, '[]'::jsonb, 'PUBLISHED', 'cmq0tdrux000ehf64744jlrnl', 'cmq0tdrxo002fhf64ucvpvoji', '2026-06-05 11:01:42.443'::timestamp(3), NULL, '2026-06-05 11:01:42.458'::timestamp(3), '2026-06-05 11:01:42.458'::timestamp(3));

-- PostAuthor (1 rows)
INSERT INTO "PostAuthor" ("id", "name", "bioEn", "bioAr", "avatarUrl", "userId", "createdAt", "updatedAt") VALUES ('cmq0tdrxo002fhf64ucvpvoji', 'BRT TRADING LLC', 'Editorial team at BRT TRADING LLC', 'فريق التحرير في BRT TRADING LLC', NULL, NULL, '2026-06-05 11:01:42.445'::timestamp(3), '2026-06-05 11:01:42.445'::timestamp(3));

-- PostCategory (2 rows)
INSERT INTO "PostCategory" ("id", "slug", "nameEn", "nameAr", "sortOrder", "createdAt", "updatedAt") VALUES ('cmq0tdrxm002dhf64d19wvmnc', 'technology', 'Technology', 'التقنية', 0, '2026-06-05 11:01:42.443'::timestamp(3), '2026-06-05 11:01:42.443'::timestamp(3));
INSERT INTO "PostCategory" ("id", "slug", "nameEn", "nameAr", "sortOrder", "createdAt", "updatedAt") VALUES ('cmq0tdrxn002ehf6450v45ej7', 'smart-home', 'Smart Home', 'المنزل الذكي', 0, '2026-06-05 11:01:42.444'::timestamp(3), '2026-06-05 11:01:42.444'::timestamp(3));

-- PostCategoryOnPost (4 rows)
INSERT INTO "PostCategoryOnPost" ("postId", "categoryId") VALUES ('cmq0tdrxr002hhf643sqmuivb', 'cmq0tdrxm002dhf64d19wvmnc');
INSERT INTO "PostCategoryOnPost" ("postId", "categoryId") VALUES ('cmq0tdrxv002jhf648v08san5', 'cmq0tdrxn002ehf6450v45ej7');
INSERT INTO "PostCategoryOnPost" ("postId", "categoryId") VALUES ('cmq0tdry0002lhf64b3bc8mks', 'cmq0tdrxm002dhf64d19wvmnc');
INSERT INTO "PostCategoryOnPost" ("postId", "categoryId") VALUES ('cmq0tdry2002nhf64yujo4i0d', 'cmq0tdrxn002ehf6450v45ej7');

-- SiteTheme (2 rows)
INSERT INTO "SiteTheme" ("id", "preset", "primaryColor", "secondaryColor", "typography", "faviconUrl", "logoUrl", "headerConfig", "footerConfig", "animationsEnabled", "animationSpeed", "lazyLoadEnabled", "darkModeEnabled", "spacingScale", "customCss", "updatedAt", "activePresetId", "cursorEffect", "backgroundEffect", "textEffect", "brandConfig", "backgroundEffectEnabled", "borderStyle", "cardStyle", "cursorEffectEnabled", "textEffectEnabled") VALUES ('published', 'CUSTOM', '#00e5ff', '#7c3aed', '{"bodyFont":"Barlow","headingFont":"Exo 2","baseFontSize":"16px","headingScale":1.25}'::jsonb, NULL, NULL, '{"sticky":true,"ctaHref":"/contact","showCta":true,"showNav":true,"showLogo":true,"ctaLabelAr":"احصل على عرض","ctaLabelEn":"Get a Quote","showSearch":true}'::jsonb, '{"columns":4,"taglineAr":"تمكين الاتصال. تعزيز الأمن. تمكين المعيشة الذكية.","taglineEn":"Empowering Connectivity. Enhancing Security. Enabling Smart Living.","showSocial":true,"showContact":true,"showQuickLinks":true}'::jsonb, true, 1, true, true, 1, NULL, '2026-06-05 11:01:42.313'::timestamp(3), 'brt', 'neon-dot', 'circuit', 'neon-glow', '{"name":"BRT TRADING LLC","tagline":"Innovative Wireless & Smart Technology Solutions","logoMode":"text","logoText":"BRT","shortName":"BRT","showTagline":true}'::jsonb, true, NULL, NULL, true, true);
INSERT INTO "SiteTheme" ("id", "preset", "primaryColor", "secondaryColor", "typography", "faviconUrl", "logoUrl", "headerConfig", "footerConfig", "animationsEnabled", "animationSpeed", "lazyLoadEnabled", "darkModeEnabled", "spacingScale", "customCss", "updatedAt", "activePresetId", "cursorEffect", "backgroundEffect", "textEffect", "brandConfig", "backgroundEffectEnabled", "borderStyle", "cardStyle", "cursorEffectEnabled", "textEffectEnabled") VALUES ('draft', 'CUSTOM', '#00e5ff', '#7c3aed', '{"bodyFont":"Barlow","headingFont":"Exo 2","baseFontSize":"16px","headingScale":1.25}'::jsonb, NULL, NULL, '{"sticky":true,"ctaHref":"/contact","showCta":true,"showNav":true,"showLogo":true,"ctaLabelAr":"احصل على عرض","ctaLabelEn":"Get a Quote","showSearch":true}'::jsonb, '{"columns":4,"taglineAr":"تمكين الاتصال. تعزيز الأمن. تمكين المعيشة الذكية.","taglineEn":"Empowering Connectivity. Enhancing Security. Enabling Smart Living.","showSocial":true,"showContact":true,"showQuickLinks":true}'::jsonb, true, 1, true, true, 1, NULL, '2026-06-05 11:01:42.318'::timestamp(3), 'brt', 'neon-dot', 'circuit', 'neon-glow', '{"name":"BRT TRADING LLC","tagline":"Innovative Wireless & Smart Technology Solutions","logoMode":"text","logoText":"BRT","shortName":"BRT","showTagline":true}'::jsonb, true, NULL, NULL, true, true);

-- Testimonial (6 rows)
INSERT INTO "Testimonial" ("id", "name", "location", "rating", "contentEn", "contentAr", "videoUrl", "imageUrl", "isPublished", "sortOrder", "createdAt", "updatedAt") VALUES ('cmq0tdrvi000shf640c8v3nu1', 'Ahmed Al-Rashid', 'Dubai, UAE', 5, 'BRT delivered a flawless enterprise wireless network for our headquarters. Coverage is excellent and support is responsive.', 'قدمت BRT شبكة لاسلكية ممتازة لمقرنا. التغطية رائعة والدعم سريع الاستجابة.', NULL, '', true, 0, '2026-06-05 11:01:42.366'::timestamp(3), '2026-06-05 11:01:42.366'::timestamp(3));
INSERT INTO "Testimonial" ("id", "name", "location", "rating", "contentEn", "contentAr", "videoUrl", "imageUrl", "isPublished", "sortOrder", "createdAt", "updatedAt") VALUES ('cmq0tdrvl000thf64ctnbms3j', 'Sarah Mitchell', 'Abu Dhabi, UAE', 5, 'Our smart home automation project exceeded expectations. Everything works seamlessly with voice control.', 'مشروع أتمتة منزلنا الذكي فاق التوقعات. كل شيء يعمل بسلاسة مع التحكم الصوتي.', NULL, '', true, 1, '2026-06-05 11:01:42.369'::timestamp(3), '2026-06-05 11:01:42.369'::timestamp(3));
INSERT INTO "Testimonial" ("id", "name", "location", "rating", "contentEn", "contentAr", "videoUrl", "imageUrl", "isPublished", "sortOrder", "createdAt", "updatedAt") VALUES ('cmq0tdrvm000uhf643ji7rije', 'Khalid Hassan', 'Sharjah, UAE', 5, 'Professional security installation with intelligent monitoring. We feel much safer with BRT''s integrated system.', 'تركيب أمني احترافي مع مراقبة ذكية. نشعر بأمان أكبر مع النظام المتكامل من BRT.', NULL, '', true, 2, '2026-06-05 11:01:42.370'::timestamp(3), '2026-06-05 11:01:42.370'::timestamp(3));
INSERT INTO "Testimonial" ("id", "name", "location", "rating", "contentEn", "contentAr", "videoUrl", "imageUrl", "isPublished", "sortOrder", "createdAt", "updatedAt") VALUES ('cmq0tdrvm000vhf642fzf3quo', 'Jennifer Park', 'Dubai, UAE', 5, 'Indoor coverage solutions eliminated dead zones across our commercial building. Highly recommended.', 'حلول التغطية الداخلية أزالت المناطق الميتة في مبنانا التجاري. نوصي بها بشدة.', NULL, '', true, 3, '2026-06-05 11:01:42.371'::timestamp(3), '2026-06-05 11:01:42.371'::timestamp(3));
INSERT INTO "Testimonial" ("id", "name", "location", "rating", "contentEn", "contentAr", "videoUrl", "imageUrl", "isPublished", "sortOrder", "createdAt", "updatedAt") VALUES ('cmq0tdrvn000whf64gu8fbryj', 'Omar Farouk', 'Ajman, UAE', 5, 'IoT integration helped us automate facility management and reduce operational costs significantly.', 'تكامل إنترنت الأشياء ساعدنا على أتمتة إدارة المرافق وتقليل التكاليف التشغيلية بشكل كبير.', NULL, '', true, 4, '2026-06-05 11:01:42.372'::timestamp(3), '2026-06-05 11:01:42.372'::timestamp(3));
INSERT INTO "Testimonial" ("id", "name", "location", "rating", "contentEn", "contentAr", "videoUrl", "imageUrl", "isPublished", "sortOrder", "createdAt", "updatedAt") VALUES ('cmq0tdrvo000xhf6439atnifr', 'Lisa Chen', 'Dubai, UAE', 5, 'End-to-end project delivery from consultation to training. BRT''s team is knowledgeable and reliable.', 'تسليم مشروع متكامل من الاستشارة إلى التدريب. فريق BRT على دراية وموثوق.', NULL, '', true, 5, '2026-06-05 11:01:42.373'::timestamp(3), '2026-06-05 11:01:42.373'::timestamp(3));

-- TestimonialCollection (1 rows)
INSERT INTO "TestimonialCollection" ("id", "slug", "titleEn", "titleAr", "excerptEn", "excerptAr", "sortOrder", "isPublished", "createdAt", "updatedAt") VALUES ('cmq0tdrvp000yhf642suswnek', 'brt-clients', 'Client Testimonials', 'آراء العملاء', NULL, NULL, 0, true, '2026-06-05 11:01:42.374'::timestamp(3), '2026-06-05 11:01:42.374'::timestamp(3));

-- TestimonialCollectionItem (6 rows)
INSERT INTO "TestimonialCollectionItem" ("id", "collectionId", "testimonialId", "sortOrder", "createdAt", "updatedAt") VALUES ('cmq0tdrvp0010hf6499zcmdzk', 'cmq0tdrvp000yhf642suswnek', 'cmq0tdrvi000shf640c8v3nu1', 0, '2026-06-05 11:01:42.374'::timestamp(3), '2026-06-05 11:01:42.374'::timestamp(3));
INSERT INTO "TestimonialCollectionItem" ("id", "collectionId", "testimonialId", "sortOrder", "createdAt", "updatedAt") VALUES ('cmq0tdrvp0011hf64hjlkjmto', 'cmq0tdrvp000yhf642suswnek', 'cmq0tdrvl000thf64ctnbms3j', 1, '2026-06-05 11:01:42.374'::timestamp(3), '2026-06-05 11:01:42.374'::timestamp(3));
INSERT INTO "TestimonialCollectionItem" ("id", "collectionId", "testimonialId", "sortOrder", "createdAt", "updatedAt") VALUES ('cmq0tdrvp0012hf64ue08sjlg', 'cmq0tdrvp000yhf642suswnek', 'cmq0tdrvm000uhf643ji7rije', 2, '2026-06-05 11:01:42.374'::timestamp(3), '2026-06-05 11:01:42.374'::timestamp(3));
INSERT INTO "TestimonialCollectionItem" ("id", "collectionId", "testimonialId", "sortOrder", "createdAt", "updatedAt") VALUES ('cmq0tdrvp0013hf64b59u7hg3', 'cmq0tdrvp000yhf642suswnek', 'cmq0tdrvm000vhf642fzf3quo', 3, '2026-06-05 11:01:42.374'::timestamp(3), '2026-06-05 11:01:42.374'::timestamp(3));
INSERT INTO "TestimonialCollectionItem" ("id", "collectionId", "testimonialId", "sortOrder", "createdAt", "updatedAt") VALUES ('cmq0tdrvp0014hf64e3udtsp6', 'cmq0tdrvp000yhf642suswnek', 'cmq0tdrvn000whf64gu8fbryj', 4, '2026-06-05 11:01:42.374'::timestamp(3), '2026-06-05 11:01:42.374'::timestamp(3));
INSERT INTO "TestimonialCollectionItem" ("id", "collectionId", "testimonialId", "sortOrder", "createdAt", "updatedAt") VALUES ('cmq0tdrvp0015hf64n5hta0d0', 'cmq0tdrvp000yhf642suswnek', 'cmq0tdrvo000xhf6439atnifr', 5, '2026-06-05 11:01:42.374'::timestamp(3), '2026-06-05 11:01:42.374'::timestamp(3));

-- TranslationJob (3 rows)
INSERT INTO "TranslationJob" ("id", "entityType", "languageCode", "status", "totalEntities", "processedCount", "errorMessage", "createdAt", "updatedAt", "completedAt") VALUES ('cmpziifc20001hfo8pl45d97s', NULL, 'ar', 'COMPLETED', 11, 2, NULL, '2026-06-04 13:09:37.442'::timestamp(3), '2026-06-04 13:09:37.540'::timestamp(3), '2026-06-04 13:09:37.537'::timestamp(3));
INSERT INTO "TranslationJob" ("id", "entityType", "languageCode", "status", "totalEntities", "processedCount", "errorMessage", "createdAt", "updatedAt", "completedAt") VALUES ('cmpzmx20q000dhfz0o2nlo9ko', NULL, 'ar', 'COMPLETED', 11, 0, NULL, '2026-06-04 15:12:58.491'::timestamp(3), '2026-06-04 15:12:58.522'::timestamp(3), '2026-06-04 15:12:58.519'::timestamp(3));
INSERT INTO "TranslationJob" ("id", "entityType", "languageCode", "status", "totalEntities", "processedCount", "errorMessage", "createdAt", "updatedAt", "completedAt") VALUES ('cmq046dp80001hf98b7c01qv8', NULL, 'ar', 'COMPLETED', 74, 63, NULL, '2026-06-04 23:16:07.003'::timestamp(3), '2026-06-04 23:16:07.675'::timestamp(3), '2026-06-04 23:16:07.673'::timestamp(3));

-- User (2 rows)
INSERT INTO "User" ("id", "email", "passwordHash", "name", "role", "createdAt", "updatedAt", "addressLine1", "addressLine2", "city", "country", "dateOfBirth", "marketingOptIn", "phone", "postalCode", "state") VALUES ('cmq0p45gz0000hfw8uh43tbf9', 'admin@azura.com', '$2b$12$7sRKw6v9xxnKrM1H0uo00OgOEdDSniUFj8lQ/G52/5AU.qJYAAYNq', 'Admin', 'ADMIN', '2026-06-05 09:02:14.963'::timestamp(3), '2026-06-05 09:02:14.963'::timestamp(3), NULL, NULL, NULL, NULL, NULL, false, NULL, NULL, NULL);
INSERT INTO "User" ("id", "email", "passwordHash", "name", "role", "createdAt", "updatedAt", "addressLine1", "addressLine2", "city", "country", "dateOfBirth", "marketingOptIn", "phone", "postalCode", "state") VALUES ('cmpzkiwbe0000hfn0kuhcbwbf', 'ali@brt-me.com', '$2b$12$bDag4gsVvZJDi5Ogw4aevuBTE8ZYUUJuPR7oJJE81Y70RoflfRtfi', 'Ali Zahedah', 'CUSTOMER', '2026-06-04 14:05:58.680'::timestamp(3), '2026-06-04 14:05:58.680'::timestamp(3), NULL, NULL, NULL, NULL, NULL, false, NULL, NULL, NULL);

SET session_replication_role = 'origin';
